y3_hhid,hc_seq_5m,res03_crav6190l_silr_cer
0001-001,4931709,4
0002-001,4931709,4
0003-001,4931709,4
0003-010,5022471,4
0005-001,4931709,4
0006-001,4931709,4
0007-001,4931709,4
0008-001,4931709,4
0009-001,4931709,4
0010-001,5000840,4
0011-001,5000840,4
0011-004,4996522,4
0012-001,5000840,4
0013-001,5000840,4
0014-001,5000840,4
0014-007,5000840,4
0015-001,5026763,5
0016-001,5000840,4
0017-001,5000840,4
0018-001,5000840,4
0019-001,5009478,4
0019-003,5009478,4
0020-001,5009476,4
0021-001,5009478,4
0022-001,5009478,4
0023-001,5009478,4
0024-001,5009478,4
0025-001,5013824,4
0026-001,5009478,4
0027-001,5009478,4
0028-001,4987877,4
0029-001,4987877,4
0030-001,4987877,4
0031-001,4987877,4
0032-001,4987877,4
0033-001,4987877,4
0034-001,4987877,4
0034-003,5022470,5
0035-001,4987877,4
0036-001,4987877,4
0037-001,4987877,4
0038-001,4966277,4
0038-002,4987877,4
0039-001,4987877,4
0039-004,4987877,4
0040-001,4987877,4
0041-002,4987877,4
0041-006,4987877,4
0042-001,4987877,4
0043-001,4987877,4
0043-002,5022471,4
0044-001,4987877,4
0045-001,4987877,4
0046-001,4996510,2
0046-002,4996510,2
0047-001,4996510,2
0048-001,4996510,2
0048-002,4996510,2
0049-001,4996510,2
0051-001,4996510,2
0051-002,4996510,2
0051-003,4996510,2
0052-001,4996510,2
0053-001,4996510,2
0054-001,4996510,2
0055-001,4996510,2
0056-001,4996510,2
0057-001,4996508,3
0058-001,4996508,3
0059-001,4996508,3
0059-002,4996508,3
0060-001,4987869,3
0061-001,4996508,3
0062-001,4983550,3
0063-001,5026789,4
0064-001,4996508,3
0065-001,4996508,3
0066-001,4996508,3
0067-001,4996508,3
0068-001,4974902,6
0069-001,4974902,6
0070-001,4974902,6
0071-001,4974902,6
0072-001,4974902,6
0072-003,4974902,6
0073-001,4974902,6
0073-002,4974902,6
0074-001,4974902,6
0075-001,4974902,6
0075-003,4974902,6
0076-001,4974902,6
0076-003,4974902,6
0077-001,4974910,5
0078-001,4974910,5
0079-001,4974910,5
0080-001,4974910,5
0081-001,4974910,5
0082-001,4974910,5
0083-001,4974910,5
0084-001,4974910,5
0085-001,4974911,3
0086-001,4974911,3
0087-001,4974911,3
0087-003,4974911,3
0088-001,4974911,3
0089-001,4974911,3
0090-001,4974911,3
0090-003,4974911,3
0091-001,4974911,3
0091-102,4983549,5
0092-001,4987890,5
0093-001,4974911,3
0094-001,4979226,4
0095-001,4979226,4
0095-002,4979226,4
0095-004,4979226,4
0096-001,4979226,4
0097-001,4979226,4
0097-002,4953305,5
0098-001,4979226,4
0099-001,4979226,4
0099-003,4979226,4
0099-008,4979226,4
0100-001,4979226,4
0101-001,4979226,4
0102-001,4832351,4
0103-001,4832351,4
0104-001,4840990,6
0105-001,4832351,4
0106-001,4819391,4
0107-001,4832351,4
0108-001,4832351,4
0109-001,4832351,4
0109-003,4832351,4
0110-001,4823711,3
0111-001,4823711,3
0112-001,4823711,3
0113-002,4823711,3
0113-003,4823711,3
0113-004,4849632,4
0114-001,4823711,3
0115-001,4823711,3
0116-001,4823711,3
0117-001,4823711,3
0118-001,4823711,3
0119-001,4823711,3
0120-002,4823711,3
0120-003,4823711,3
0121-001,4841002,4
0122-001,4841002,4
0123-001,4841002,4
0124-001,4841002,4
0125-001,4841002,4
0126-001,4841002,4
0126-002,4840990,6
0127-001,4841002,4
0128-001,4841002,4
0129-001,4841002,4
0129-003,4841001,2
0131-001,4841002,4
0132-001,4841002,4
0133-001,4841002,4
0133-003,4841002,4
0134-001,4841002,4
0135-001,4841002,4
0136-001,4841002,4
0137-001,4841002,4
0138-001,4841002,4
0139-001,4840999,3
0140-001,4849642,5
0141-001,4840999,3
0141-007,4841000,3
0142-001,4841002,4
0142-003,4841002,4
0143-001,4840999,3
0144-001,4840999,3
0145-001,4840999,3
0146-001,4840999,3
0147-001,4840999,3
0148-001,4840999,3
0149-001,4845320,3
0150-001,4845320,3
0151-001,4948998,5
0152-001,4845320,3
0154-001,4845320,3
0154-003,4845320,3
0155-001,4957652,3
0156-001,4845320,3
0157-001,4841000,3
0157-005,4841000,3
0159-001,4841000,3
0160-001,4841000,3
0161-002,4841000,3
0162-001,4841000,3
0163-001,4841000,3
0164-001,4841000,3
0165-001,4841000,3
0166-001,4841000,3
0167-001,5018131,4
0167-002,4927353,5
0168-001,4841000,3
0168-004,4841000,3
0169-001,4841000,3
0170-001,4841000,3
0171-001,4841000,3
0172-001,4841000,3
0173-001,4841000,3
0174-001,4849643,5
0175-001,4836687,5
0176-001,4841000,3
0178-001,4841000,3
0179-001,4841000,3
0180-001,4841000,3
0181-001,4841000,3
0182-001,4840989,5
0182-002,4840999,3
0183-001,4840989,5
0184-001,4840989,5
0184-004,4840990,6
0185-001,4840988,4
0185-002,4841000,3
0186-001,4840989,5
0187-001,4840989,5
0187-003,4840988,4
0187-004,4840988,4
0187-005,4840990,6
0187-006,4841000,3
0188-001,4840989,5
0189-001,4840989,5
0190-001,4840988,4
0191-001,4840988,4
0192-001,4840988,4
0193-001,4840988,4
0194-001,4840988,4
0195-001,4840988,4
0196-001,4840988,4
0197-001,4840988,4
0198-001,4776188,4
0199-001,4776188,4
0200-001,4776188,4
0201-001,4776188,4
0202-001,4776188,4
0203-001,4776188,4
0204-001,4776188,4
0205-001,4776188,4
0206-001,4832344,4
0207-001,4832344,4
0208-001,4832344,4
0209-001,4832344,4
0209-003,4832344,4
0210-001,4832344,4
0211-001,4832344,4
0212-001,4832344,4
0213-001,4832344,4
0214-001,4832344,4
0215-001,4832371,4
0215-003,5018149,3
0215-004,5018150,4
0216-001,4832371,4
0217-001,4832371,4
0217-004,4797756,4
0218-001,4832371,4
0219-001,4832371,4
0220-001,4832371,4
0221-001,4832371,4
0222-001,4832371,4
0222-003,4841000,3
0222-004,4832371,4
0223-002,4828051,4
0224-001,4828051,4
0225-001,4828051,4
0226-001,4828051,4
0227-001,5018150,4
0228-001,4828051,4
0228-003,4828051,4
0229-001,4828051,4
0230-001,4828051,4
0231-001,4828051,4
0232-001,4828051,4
0233-001,4828051,4
0234-001,4828051,4
0235-001,4828051,4
0236-002,4828051,4
0237-001,4828051,4
0238-001,4828051,4
0239-001,4828051,4
0240-001,4853971,5
0241-001,4853971,5
0241-004,4849650,4
0242-001,4853971,5
0243-001,4853971,5
0243-003,5018147,2
0244-001,4853971,5
0245-001,4853971,5
0246-001,4853971,5
0246-004,4840999,3
0247-001,4853971,5
0248-001,4853971,5
0250-001,4862612,4
0251-001,4862612,4
0253-001,4862612,4
0254-001,4862612,4
0255-001,4862612,4
0256-001,4862612,4
0257-001,4862612,4
0258-001,4853971,5
0259-001,4892856,4
0260-001,4892856,4
0260-002,4892856,4
0261-001,4892856,4
0262-001,4892856,4
0263-001,4892856,4
0264-001,4892856,4
0264-003,4892856,4
0265-001,4892856,4
0266-001,4892856,4
0267-001,4892856,4
0267-005,4840999,3
0268-001,4892853,5
0269-001,4892853,5
0270-001,4892853,5
0270-008,5022471,4
0270-009,5018150,4
0270-011,5018151,
0271-001,4901401,4
0272-001,4892853,5
0273-003,4892853,5
0274-001,4892853,5
0275-001,4892853,5
0275-004,4892853,5
0276-001,4892853,5
0276-005,4892854,5
0277-001,4836690,5
0278-001,4836690,5
0278-002,5018149,3
0279-001,4836690,5
0280-001,4836690,5
0281-001,4961956,4
0282-001,4836690,5
0283-001,4836690,5
0283-003,4841008,5
0284-001,4841000,3
0284-002,4841000,3
0285-001,4836690,5
0286-001,4836690,5
0287-001,5018131,4
0288-001,4836688,5
0289-001,4836688,5
0290-001,4836688,5
0291-001,4836688,5
0292-001,4836688,5
0293-001,4836688,5
0294-001,4836688,5
0295-001,4836688,5
0295-002,4793434,9
0296-001,4836689,5
0297-001,4914417,4
0298-001,4836689,5
0299-001,5022470,5
0300-001,4836689,5
0301-001,4836689,5
0302-001,4836689,5
0303-001,4836689,5
0304-001,4836689,5
0305-001,4836689,5
0306-001,4836689,5
0307-001,4832366,5
0308-001,4832366,5
0308-002,5009509,3
0309-001,4832366,5
0310-001,4832366,5
0311-001,4832366,5
0312-001,4832366,5
0313-001,4832366,5
0313-003,4797755,4
0313-004,4793435,3
0314-001,4832366,5
0315-001,4832366,5
0316-001,4836684,4
0317-001,4836684,4
0318-001,4841008,5
0319-001,4836684,4
0320-001,4836684,4
0321-001,4836684,4
0322-001,4836684,4
0323-001,4836684,4
0324-001,4836684,4
0325-001,4836684,4
0326-001,4841005,4
0327-001,4841005,4
0328-001,4841005,4
0329-001,4841005,4
0330-001,4853972,5
0331-001,4841005,4
0332-001,4841005,4
0332-005,4845324,4
0334-001,4841005,4
0335-001,4841005,4
0336-001,4841005,4
0338-001,4841005,4
0339-002,4910143,6
0339-007,4910143,6
0339-010,5018150,4
0340-001,4910143,6
0341-001,4910143,6
0342-001,4910143,6
0343-001,4910143,6
0344-001,4910143,6
0344-003,5018150,4
0344-008,4910143,6
0345-001,4910143,6
0346-001,4910143,6
0346-003,4910143,6
0346-004,4910143,6
0347-001,4910139,4
0348-001,4841000,3
0349-001,4910139,4
0350-001,4910139,4
0350-003,4910140,4
0351-001,4910139,4
0352-001,4875572,4
0352-010,4841008,5
0353-001,4910139,4
0353-003,4823724,5
0354-001,4927422,4
0355-001,4927422,4
0356-001,4927422,4
0356-006,4927422,4
0357-001,4927422,4
0358-001,4927422,4
0358-002,4927422,4
0359-001,4927422,4
0360-001,4927422,4
0361-001,5026790,4
0362-001,4927422,4
0363-001,5026789,4
0364-001,4927422,4
0364-002,4927422,4
0365-001,4936061,4
0366-001,4936061,4
0367-001,4936061,4
0368-001,4936061,4
0368-003,4931746,3
0369-001,4936061,4
0370-001,4936061,4
0371-001,4936061,4
0372-001,4936061,4
0373-001,4936061,4
0374-001,4923101,5
0375-001,4923101,5
0376-001,4923101,5
0377-001,4923101,5
0378-001,4923101,5
0379-001,4923101,5
0380-001,4923101,5
0382-001,5018151,
0382-002,4923101,5
0382-003,5018151,
0383-001,4923101,5
0384-001,4927423,4
0385-001,4927423,4
0386-001,4927423,4
0387-001,4927423,4
0387-002,5031113,4
0388-001,4927423,4
0389-001,4927423,4
0390-001,4927423,4
0391-001,4927423,4
0391-003,4927423,4
0391-009,4832360,5
0392-001,5018150,4
0393-001,4927423,4
0394-002,4927423,4
0395-002,4940384,4
0396-001,4940384,4
0397-001,4940384,4
0398-001,4940384,4
0399-001,4940384,4
0400-001,4940384,4
0401-001,5208228,5
0402-001,4940384,4
0403-002,4936065,4
0404-001,4940384,4
0405-001,4940384,4
0405-004,5022471,4
0406-002,4923109,
0406-003,5018150,4
0407-001,4923109,
0407-008,4927429,
0407-010,4927429,
0408-001,4923109,
0408-002,4927428,4
0409-001,4923109,
0410-001,4923109,
0411-001,4923109,
0412-001,4923109,
0413-001,4923109,
0413-003,5000866,4
0414-001,4949027,5
0414-005,5147673,6
0415-001,4745925,5
0416-001,4949027,5
0417-001,4949027,5
0418-001,4949027,5
0419-001,4949027,5
0420-001,4949027,5
0421-001,4949027,5
0422-001,4953346,4
0423-002,4953346,4
0423-003,4974945,
0423-004,4957666,5
0424-001,4953346,4
0425-001,4953346,4
0426-001,4953346,4
0427-001,4953346,4
0428-001,4953346,4
0428-007,4953347,
0429-001,4953346,4
0430-001,4953346,4
0431-001,4940387,4
0432-001,4961978,3
0433-002,4961978,3
0434-001,4961978,3
0435-002,4936065,4
0436-001,4961978,3
0437-001,4961978,3
0438-001,4966297,3
0439-001,5022470,5
0440-001,4961978,3
0441-002,4966299,3
0441-003,4961978,3
0442-001,4957661,3
0443-001,4957661,3
0444-001,4957661,3
0445-001,4957661,3
0445-003,4957661,3
0446-001,4957661,3
0446-002,4940386,5
0447-001,4957661,3
0448-001,4957661,3
0449-001,4944696,4
0450-001,4944696,4
0451-001,5022471,4
0452-001,4944696,4
0453-001,4944696,4
0453-002,4944696,4
0454-001,4944696,4
0455-001,4944696,4
0455-003,4944696,4
0456-001,4944696,4
0456-003,4944696,4
0457-001,4944696,4
0458-001,4949010,4
0459-001,4949010,4
0459-002,4949011,4
0459-003,4966289,5
0460-001,4949010,4
0461-001,4949010,4
0462-001,4949010,4
0463-001,4949010,4
0464-001,4949010,4
0465-001,4949010,4
0465-005,4949010,4
0466-001,4949010,4
0466-003,4944691,4
0467-001,4949010,4
0468-001,4949010,4
0469-001,5009486,4
0470-002,5009486,4
0471-001,5009486,4
0472-001,5009486,4
0473-001,5009486,4
0474-001,5009486,4
0474-002,5052691,5
0475-001,5009486,4
0476-001,5009486,4
0477-001,4996524,5
0478-001,4996524,5
0479-001,4996525,5
0480-001,4996524,5
0480-003,4996524,5
0480-004,4996524,5
0480-005,4996524,5
0481-001,4996524,5
0482-001,4996524,5
0482-003,4996524,5
0483-001,4996524,5
0483-005,4996524,5
0484-001,4996524,5
0484-009,4996524,5
0485-001,5018125,4
0486-001,4996524,5
0487-001,5026774,5
0488-001,5026774,5
0489-001,5026774,5
0490-002,5026774,5
0491-001,5026774,5
0492-001,5022451,5
0493-001,5013830,
0494-001,5026774,5
0495-001,5026774,5
0496-001,5026774,5
0496-103,5026791,4
0497-001,5087240,4
0498-001,5087240,4
0499-001,5087240,4
0499-002,5013830,
0500-001,5087240,4
0501-001,5087240,4
0502-002,5087240,4
0503-001,5035433,4
0504-001,5087240,4
0506-001,5087240,4
0507-001,5087238,4
0507-002,5087238,4
0507-003,5087240,4
0508-001,5087238,4
0509-001,5087238,4
0510-001,5087238,4
0511-001,5087238,4
0512-001,5087238,4
0512-002,5082917,4
0512-003,5069963,4
0512-004,5087238,4
0513-001,5087238,4
0514-001,5087238,4
0514-002,5087238,4
0515-001,5087238,4
0516-001,5117480,6
0517-001,5117480,6
0517-004,5095880,4
0517-007,5087239,4
0517-008,5117480,6
0517-011,5087240,4
0518-001,5018151,
0519-001,5117480,6
0520-001,5117480,6
0521-001,4892814,5
0522-001,5117480,6
0523-001,5117480,6
0524-001,5117480,6
0525-001,5117480,6
0526-001,5117480,6
0527-001,5117480,6
0528-001,5117480,6
0528-002,5121801,5
0529-001,5117480,6
0529-104,5065643,5
0530-001,5117480,6
0531-001,5117480,6
0532-001,5117480,6
0533-001,5117480,6
0534-001,5018131,4
0535-001,5018131,4
0535-002,5018131,4
0536-001,5018131,4
0537-001,5018131,4
0538-001,5018131,4
0539-001,4927353,5
0539-005,4957592,3
0540-001,5018131,4
0541-001,5018131,4
0542-001,5022451,5
0542-003,5018131,4
0542-004,5018131,4
0542-005,5203905,5
0543-001,5022451,5
0544-001,5022451,5
0545-001,5022451,5
0546-001,5022451,5
0547-001,5022451,5
0548-001,5022451,5
0549-001,5022451,5
0551-001,5022451,5
0552-001,5018131,4
0552-002,5018131,4
0553-001,5018131,4
0554-001,5018131,4
0555-001,5018131,4
0556-001,5018131,4
0557-001,5018131,4
0557-003,5018131,4
0557-004,5018131,4
0557-009,5022454,5
0558-001,5018131,4
0559-001,5018131,4
0559-004,4983571,3
0560-001,5018131,4
0560-006,5018147,2
0561-001,5018131,4
0562-001,5018131,4
0563-001,5018131,4
0565-001,5018131,4
0565-005,5199602,
0566-001,5018131,4
0567-001,5018131,4
0567-004,5018131,4
0568-001,4983572,3
0569-001,4974934,3
0569-002,4974933,3
0570-001,4983572,3
0570-003,4987892,4
0570-004,4983571,3
0571-001,4983572,3
0571-002,5018131,4
0572-002,4983571,3
0573-001,4983572,3
0573-003,4983572,3
0574-001,4983572,3
0575-001,4983572,3
0576-001,4974931,5
0577-001,4974931,5
0577-007,4974931,5
0578-001,4974931,5
0579-001,4974931,5
0580-001,4974931,5
0580-002,4974931,5
0580-003,4974931,5
0581-001,4974931,5
0582-001,4974931,5
0582-003,4974931,5
0583-001,4974931,5
0584-001,5039730,5
0584-006,5035410,6
0585-001,5039730,5
0586-001,5039730,5
0587-001,5039730,5
0588-001,5039730,5
0589-001,5039730,5
0590-001,5039730,5
0591-002,5039730,5
0592-001,5039730,5
0593-001,5000866,4
0594-001,5000866,4
0594-010,5000866,4
0594-109,5013830,
0595-001,5000866,4
0595-004,5000866,4
0596-001,5005189,
0597-001,4987904,4
0598-001,5005189,
0599-001,5000866,4
0600-001,5000866,4
0601-001,5000866,4
0601-002,5000866,4
0601-106,5018131,4
0602-001,5000866,4
0603-001,5216827,2
0604-001,5000866,4
0604-002,5000866,4
0604-004,5000866,4
0604-005,5000866,4
0604-006,5000866,4
0604-008,5000866,4
0604-009,5000866,4
0604-010,5000866,4
0605-001,5009500,6
0606-001,5009500,6
0607-001,5009500,6
0608-001,4853970,3
0609-001,5009500,6
0610-001,5009500,6
0610-002,5009500,6
0610-003,5013824,4
0611-002,5009500,6
0611-003,5013824,4
0612-001,5009500,6
0612-009,5009498,4
0613-001,5009500,6
0614-001,5009500,6
0615-001,5018138,6
0615-002,5009500,6
0616-001,5009500,6
0617-001,5009500,6
0618-001,5009500,6
0619-001,5009505,4
0620-001,5009505,4
0621-002,5009505,4
0623-001,5009505,4
0624-001,5009505,4
0625-001,5009505,4
0626-001,5009505,4
0627-001,5009505,4
0628-001,5009505,4
0629-001,5026784,4
0630-001,5026784,4
0630-002,5013826,3
0631-001,5026784,4
0632-001,5026784,4
0633-001,5026784,4
0634-001,5026784,4
0637-001,5026784,4
0638-001,5057027,4
0639-001,5052709,4
0641-001,5026790,4
0641-003,5048389,4
0642-001,5061349,4
0642-002,5052710,4
0642-106,5035430,4
0643-001,5052709,4
0643-003,5022471,4
0644-001,5026790,4
0645-001,5026790,4
0646-001,5061348,4
0647-001,5026790,4
0648-001,5026791,4
0649-001,5052709,4
0650-001,5052709,4
0651-001,5052709,4
0652-001,5082950,5
0653-001,5082950,5
0654-001,5082950,5
0655-001,5082950,5
0656-001,5082950,5
0657-002,5082950,5
0658-001,5082950,5
0658-005,5022471,4
0659-001,5082950,5
0660-001,5082950,5
0660-007,5018150,4
0661-001,5087270,5
0661-003,5022471,4
0662-001,5087270,5
0662-102,5087270,5
0663-001,5087270,5
0664-001,5087270,5
0665-001,5087270,5
0666-001,5087270,5
0667-001,5087270,5
0667-007,5082950,5
0668-001,5087270,5
0669-001,5082956,
0669-003,5082956,
0670-001,5082956,
0671-001,5082956,
0671-004,5082956,
0672-001,5082956,
0672-004,5082956,
0673-001,5082956,
0674-001,5082956,
0675-001,5082956,
0676-001,5082956,
0677-001,5018151,
0678-001,5018151,
0679-001,5018148,2
0679-104,4897178,4
0680-001,5018151,
0680-002,5018151,
0681-001,5018151,
0682-001,5018151,
0683-001,5018151,
0683-005,4983548,4
0684-001,5018151,
0684-003,5022471,4
0685-001,5018151,
0686-001,5022471,4
0687-001,5018151,
0688-001,5018151,
0689-001,5018151,
0690-001,5018151,
0691-001,5018151,
0692-001,5018150,4
0693-001,5031090,5
0694-001,5018131,4
0694-003,5018131,4
0695-001,5018150,4
0696-001,5018150,4
0697-001,5018150,4
0697-009,5018150,4
0698-001,4936065,4
0699-001,5018150,4
0701-001,5018150,4
0701-003,5018150,4
0702-001,5018150,4
0703-001,5018150,4
0704-001,5018150,4
0705-001,5018150,4
0706-001,5018150,4
0707-001,5018150,4
0708-001,5018148,2
0708-103,4931749,
0709-001,5018150,4
0710-001,5018150,4
0711-001,5018150,4
0712-001,5018150,4
0714-001,5018150,4
0715-001,4802074,9
0715-004,4797754,9
0715-005,4888498,5
0716-001,5018150,4
0718-001,5018150,4
0718-008,4871191,5
0718-010,4797755,4
0719-001,5018150,4
0720-001,5018150,4
0720-002,5022470,5
0721-001,5018150,4
0722-001,5018150,4
0723-001,5018150,4
0724-001,5018150,4
0725-001,5018150,4
0726-001,5018150,4
0727-001,5018150,4
0727-002,5022471,4
0727-004,5022471,4
0727-005,5018150,4
0727-006,5018150,4
0727-008,5018150,4
0728-001,5018150,4
0728-002,5018150,4
0729-001,5018150,4
0729-104,5018150,4
0730-001,5018151,
0731-001,5018151,
0732-001,5018151,
0733-001,5018151,
0734-001,5018151,
0735-001,5018151,
0736-001,5018151,
0738-002,5018151,
0738-003,5018151,
0738-004,5018151,
0739-001,5018151,
0740-001,5018151,
0741-001,5018151,
0744-001,5022470,5
0745-001,5018151,
0746-001,5018151,
0747-001,5018151,
0749-001,5026789,4
0750-001,5018151,
0751-001,5018151,
0752-001,5018151,
0753-001,5018151,
0754-001,5018151,
0754-002,5018151,
0754-004,4927428,4
0755-001,5022471,4
0756-001,5018151,
0757-001,5018151,
0757-004,5018151,
0758-001,5018151,
0759-001,5018151,
0760-001,5022470,5
0761-001,5018151,
0762-001,5018151,
0763-001,5018151,
0764-001,5018151,
0764-002,5018150,4
0765-001,5018151,
0766-001,5018151,
0766-002,5018151,
0766-005,4931749,
0766-006,5234100,4
0766-008,4931749,
0767-001,5018151,
0768-001,4841000,3
0769-001,5018151,
0769-007,5018151,
0771-001,5018151,
0772-001,5018151,
0773-001,5018151,
0773-002,5022471,4
0774-001,5018150,4
0775-001,5018151,
0777-001,5018151,
0778-001,5018151,
0779-002,5018151,
0780-001,5022472,
0781-001,5018151,
0782-001,5018151,
0783-002,5018151,
0784-001,5018151,
0785-001,4987910,4
0786-001,5018151,
0787-001,5018151,
0788-001,5018151,
0789-001,5018151,
0790-001,5018151,
0790-004,5018151,
0791-001,5018151,
0792-001,5018151,
0795-001,5199602,
0798-001,5018150,4
0799-001,5018150,4
0799-002,5022470,5
0800-001,5018150,4
0801-002,5018150,4
0802-001,5018150,4
0803-001,5018149,3
0805-001,5018150,4
0805-012,5018149,3
0805-013,5022470,5
0806-001,5018150,4
0806-002,5018150,4
0806-004,5035413,5
0806-005,5018150,4
0808-001,5018150,4
0808-003,5018150,4
0808-007,4927420,5
0809-001,5026789,4
0810-001,5018151,
0811-001,5018150,4
0812-001,5018150,4
0814-001,5009509,3
0815-001,4728619,5
0816-001,5018150,4
0817-001,5018150,4
0818-001,5022470,5
0819-001,5018150,4
0820-001,5018150,4
0821-001,5018149,3
0822-001,5018150,4
0823-001,5018150,4
0825-001,5018150,4
0827-001,5018150,4
0828-001,5018150,4
0829-001,5031108,4
0830-001,5018150,4
0831-001,5018150,4
0832-001,5018150,4
0833-001,5018150,4
0833-009,5018149,3
0834-001,5018150,4
0838-001,5018150,4
0839-001,5018150,4
0839-003,5022470,5
0840-001,5018150,4
0840-005,5018150,4
0841-001,5018150,4
0842-001,5018150,4
0843-001,5018150,4
0844-001,5018150,4
0845-001,5018150,4
0846-001,5018150,4
0847-001,5018150,4
0848-001,5018150,4
0849-001,5018150,4
0849-004,5018150,4
0850-001,5018150,4
0851-001,5018150,4
0852-001,5018150,4
0854-001,5018150,4
0855-001,5018150,4
0855-002,5009509,3
0856-001,5018150,4
0857-001,5018150,4
0858-001,5026790,4
0858-003,5022469,3
0859-001,5018148,2
0860-001,5018148,2
0860-005,5018148,2
0861-001,5126097,1
0862-001,5018148,2
0863-001,5018148,2
0863-003,5018148,2
0864-001,5018148,2
0865-001,5018148,2
0866-001,5013830,
0867-001,5013830,
0867-004,5009509,3
0867-006,5009509,3
0868-001,4802075,4
0869-001,5018132,4
0870-001,5134714,5
0871-001,5126081,4
0872-001,5013830,
0872-003,5018131,4
0873-001,5026791,4
0873-002,5022471,4
0874-001,5013830,
0875-001,5009510,
0876-003,5009510,
0877-001,5009510,
0878-001,5009510,
0879-001,5009510,
0880-001,4732941,5
0881-001,5009510,
0882-001,5009510,
0883-001,5009509,3
0884-001,5009510,
0885-002,5013830,
0886-001,5013830,
0887-001,5022471,4
0888-001,5013830,
0888-007,4758860,6
0889-001,5013830,
0890-001,5013830,
0891-001,5022469,3
0892-001,5013830,
0893-001,5013830,
0894-001,5009508,3
0894-006,5035430,4
0896-001,4996544,4
0896-002,5009508,3
0897-001,5009508,3
0897-004,4983562,5
0898-001,5035430,4
0899-001,5009508,3
0899-008,4923037,3
0900-001,5009508,3
0901-001,5009508,3
0902-001,5018149,3
0903-001,5009508,3
0904-001,5013829,3
0905-001,5013829,3
0905-005,5013829,3
0905-006,5013829,3
0906-001,5013829,3
0907-001,5013829,3
0909-001,5013829,3
0910-001,5013829,3
0910-006,5018151,
0911-001,5013829,3
0913-001,5018150,4
0914-001,5018150,4
0914-104,5121796,4
0915-001,5018150,4
0915-003,4983549,5
0916-001,5018150,4
0917-001,5018150,4
0917-002,5018150,4
0918-001,5018150,4
0921-001,5018150,4
0922-001,5013827,2
0923-001,5022470,5
0923-002,5018150,4
0924-001,5018150,4
0925-001,5018150,4
0926-001,5018150,4
0927-001,5018150,4
0928-001,5022470,5
0929-001,5018131,4
0930-001,5018150,4
0931-001,5018150,4
0932-001,5018150,4
0933-001,5018150,4
0933-003,4918781,5
0933-004,4996528,3
0934-001,5018150,4
0936-001,5018150,4
0936-005,5022471,4
0937-001,5022470,5
0938-001,5018150,4
0939-001,5018150,4
0940-001,5018150,4
0941-001,5022453,6
0942-001,5018150,4
0943-001,5018150,4
0943-002,5018150,4
0944-001,5026770,4
0944-002,5026770,4
0945-001,5018150,4
0947-001,5018150,4
0948-001,5018150,4
0949-001,5018150,4
0950-001,5018150,4
0950-005,5022470,5
0950-006,5018150,4
0951-004,4836679,3
0951-005,5164966,5
0951-007,5013830,
0953-001,5018150,4
0954-001,5190896,5
0955-001,5026791,4
0955-005,5026791,4
0956-001,5018150,4
0956-003,5018151,
0957-001,5018150,4
0957-005,5022471,4
0959-001,5018150,4
0960-001,5022471,4
0961-001,5018150,4
0963-001,4841000,3
0964-001,5018148,2
0965-001,5018150,4
0966-001,5018150,4
0967-001,5018150,4
0968-001,5018150,4
0969-001,5018150,4
0970-001,5018150,4
0971-001,4845320,3
0972-001,5018150,4
0972-002,4983548,4
0973-001,5018150,4
0974-001,4914417,4
0975-001,5018150,4
0976-001,5018150,4
0976-002,5018149,3
0977-001,5009509,3
0978-002,5018150,4
0979-001,5018150,4
0981-001,5018149,3
0982-001,5018149,3
0983-001,5018149,3
0984-001,5018149,3
0986-001,5018149,3
0987-001,5208183,4
0988-001,5018149,3
0990-001,5018149,3
0991-001,5018149,3
0992-001,5018149,3
0993-001,5018149,3
0994-001,4927429,
0996-001,4931749,
0998-001,5018149,3
0999-001,5018149,3
1000-001,5018149,3
1000-003,5018149,3
1001-001,5022471,4
1003-001,5018151,
1003-104,5018151,
1005-001,5018151,
1005-003,5022469,3
1005-004,5018151,
1006-001,5147673,6
1007-001,5022471,4
1008-001,5069948,3
1008-003,5069948,3
1009-001,5018151,
1009-003,5018151,
1010-001,5018151,
1011-001,5022469,3
1011-002,5018150,4
1013-001,5069947,4
1015-001,5022469,3
1016-001,5022469,3
1017-001,4745890,5
1017-004,5026790,4
1019-001,5022469,3
1019-006,5022471,4
1019-009,5022470,5
1021-001,5018150,4
1022-001,5022469,3
1022-002,4836690,5
1023-001,5022469,3
1024-001,5022469,3
1025-001,5022469,3
1026-001,5022469,3
1027-001,5022469,3
1027-010,5022469,3
1028-001,5026789,4
1029-001,5022469,3
1029-002,5022469,3
1029-104,5009480,4
1030-001,5022469,3
1031-001,5022469,3
1032-001,5026789,4
1033-001,5026789,4
1034-001,5026789,4
1035-001,5026789,4
1036-001,5026789,4
1037-001,5026789,4
1038-001,5026789,4
1039-001,5026789,4
1040-001,5018151,
1041-001,5018151,
1042-001,5018151,
1043-001,5018151,
1043-002,5018151,
1043-006,5022471,4
1044-001,5018151,
1045-001,4836685,4
1045-002,5018151,
1045-003,5022471,4
1045-004,4836679,3
1045-006,5018151,
1046-001,5018151,
1047-001,5022472,
1047-108,4931757,5
1048-001,5018151,
1049-001,5022470,5
1050-001,5022470,5
1051-001,5022470,5
1052-001,5026789,4
1053-001,5126082,3
1054-001,5022470,5
1055-001,5022470,5
1055-004,5022470,5
1056-001,5018150,4
1057-001,5022470,5
1057-002,4823731,3
1058-001,5022470,5
1059-001,5022470,5
1060-001,5022470,5
1061-001,5022470,5
1062-001,5022470,5
1063-001,5026790,4
1064-001,5018150,4
1065-001,5022470,5
1066-001,5022470,5
1068-001,5026789,4
1069-001,5022470,5
1070-001,5022470,5
1071-001,5022470,5
1071-008,5026791,4
1072-001,5022470,5
1073-001,5022470,5
1074-001,5031108,4
1074-003,5022470,5
1075-001,5022470,5
1075-004,5022470,5
1076-001,5022470,5
1077-001,5018150,4
1077-109,4987869,3
1078-001,5018150,4
1079-001,5018150,4
1080-001,5018150,4
1081-001,5018150,4
1081-105,5212547,5
1082-001,5018150,4
1084-001,5018150,4
1085-001,5018150,4
1085-005,5018150,4
1086-001,5018150,4
1087-001,5013811,5
1088-001,5018149,3
1088-003,5018150,4
1089-001,5022471,4
1090-001,4987870,3
1091-001,5013826,3
1091-002,4724327,9
1092-001,5018150,4
1093-001,4797755,4
1093-002,5018151,
1094-001,5018151,
1095-001,5026791,4
1096-001,5018151,
1097-001,5018151,
1098-001,5018151,
1099-001,5018151,
1100-001,5018151,
1101-001,5018151,
1102-001,5022471,4
1103-001,5022471,4
1104-001,5022471,4
1105-001,5022471,4
1106-001,5022471,4
1107-001,5022471,4
1108-001,5022471,4
1109-001,5022472,
1110-001,5022472,
1111-001,5018150,4
1111-002,4875516,4
1112-001,5022472,
1112-004,4905828,4
1113-001,5022472,
1114-001,5022472,
1115-001,5022472,
1115-002,5022472,
1116-001,5022472,
1117-001,5022472,
1118-001,5022472,
1119-001,5022472,
1119-002,5022472,
1120-001,5022472,
1120-003,5022472,
1121-001,5022472,
1121-004,5022472,
1122-001,5022472,
1123-001,5022472,
1124-001,5022472,
1124-003,5022472,
1126-001,5022472,
1127-001,5022472,
1128-001,5022472,
1130-003,5026791,4
1131-001,5225516,4
1131-002,5225516,4
1132-001,5225516,4
1132-002,5225516,4
1132-004,5234152,5
1133-001,5022471,4
1134-001,5022471,4
1135-001,5022471,4
1136-001,5022471,4
1137-001,5022471,4
1138-001,5026791,4
1139-001,5026791,4
1141-001,5026791,4
1142-001,5026791,4
1142-006,5018151,
1143-001,5026790,4
1144-001,5026791,4
1145-001,5026791,4
1146-001,5026791,4
1146-003,5048363,4
1146-004,4853920,4
1147-001,5026791,4
1148-001,5026791,4
1149-001,5026791,4
1150-001,5026791,4
1151-001,5026791,4
1152-001,5026791,4
1153-001,5026791,4
1154-001,5190947,6
1155-001,5022471,4
1155-005,5022471,4
1156-001,5022471,4
1157-001,5022471,4
1158-001,5022471,4
1159-001,5022471,4
1160-001,5022471,4
1161-001,5022471,4
1162-001,5013830,
1162-003,4931696,4
1163-001,5022471,4
1164-001,5022471,4
1164-002,5022471,4
1165-001,5022471,4
1166-001,5022471,4
1167-001,5018149,3
1167-004,5018150,4
1168-001,5022471,4
1168-002,5022471,4
1169-001,5022471,4
1170-001,5022471,4
1170-006,4987868,3
1171-001,5022471,4
1171-102,5026790,4
1172-001,5022471,4
1174-001,5022471,4
1175-002,5022471,4
1176-001,5022471,4
1177-001,5078625,4
1177-104,5018132,4
1178-001,5022471,4
1179-001,5022471,4
1181-001,5022471,4
1182-001,5022471,4
1183-001,5022471,4
1185-001,5026790,4
1186-001,5022471,4
1187-001,5022471,4
1187-104,5022471,4
1188-001,5022471,4
1188-005,4927429,
1190-001,5022471,4
1191-001,5022470,5
1191-004,5022471,4
1191-005,5022471,4
1191-007,5005166,3
1192-001,5022469,3
1193-001,5022471,4
1194-001,5022471,4
1195-001,5022471,4
1196-001,5022471,4
1197-001,5022470,5
1197-002,5022471,4
1197-003,5026794,
1197-006,5022470,5
1198-001,5018131,4
1199-001,5022471,4
1200-001,5022471,4
1201-001,5022471,4
1202-001,5022471,4
1203-001,5026791,4
1204-002,5022471,4
1205-001,5022471,4
1207-001,5022470,5
1208-001,5229835,4
1209-001,5022470,5
1210-001,5022470,5
1211-001,5022470,5
1212-001,5022470,5
1213-001,5022470,5
1214-001,5022470,5
1215-001,5022470,5
1218-001,5022471,4
1219-001,5022471,4
1220-001,5022471,4
1220-005,5022471,4
1221-001,5022471,4
1222-001,5022471,4
1223-001,5022470,5
1224-001,5022471,4
1225-001,5022471,4
1226-001,5221148,6
1227-001,5022471,4
1227-004,5022471,4
1228-001,5022471,4
1230-001,5022471,4
1231-001,5022471,4
1231-003,5022451,5
1232-001,5022471,4
1233-001,5026790,4
1234-001,5022471,4
1235-001,5022471,4
1236-001,5022471,4
1237-001,5022471,4
1238-001,5022471,4
1239-001,5022471,4
1240-002,5022471,4
1241-001,5022471,4
1242-001,5022471,4
1243-001,5022471,4
1244-001,5022471,4
1245-001,5022471,4
1246-001,5022471,4
1247-001,5022471,4
1248-001,5022471,4
1249-001,5022471,4
1250-001,5022471,4
1250-008,5022471,4
1251-001,5022471,4
1252-001,5022471,4
1253-001,5022471,4
1254-001,5022471,4
1255-001,5022471,4
1256-001,5022471,4
1256-003,5022470,5
1256-006,5022471,4
1256-008,5022471,4
1257-001,5022471,4
1258-001,5022471,4
1260-001,4841000,3
1261-001,5022471,4
1262-001,5022471,4
1263-001,5022471,4
1265-001,5022471,4
1266-001,5022471,4
1267-001,5022471,4
1269-001,5022471,4
1270-001,5022471,4
1271-001,5022471,4
1271-002,5022471,4
1272-001,5022471,4
1273-001,5022471,4
1274-001,5022471,4
1274-003,5022471,4
1275-001,5022471,4
1275-002,5022471,4
1276-001,5022471,4
1277-001,5022471,4
1278-001,5022471,4
1279-001,5022471,4
1280-001,5022471,4
1281-001,5022471,4
1281-005,5022471,4
1282-001,5022471,4
1283-001,5022471,4
1284-001,5022471,4
1284-004,5022471,4
1285-001,5022471,4
1285-003,5022471,4
1285-004,5022471,4
1286-001,5022471,4
1287-001,5022471,4
1288-001,5022471,4
1289-001,5035434,
1290-001,5035434,
1291-001,5035434,
1291-003,5044076,
1292-001,5026791,4
1293-001,5035434,
1294-001,5035433,4
1294-003,5022471,4
1295-001,5035434,
1296-001,5022472,
1297-001,5035433,4
1297-007,5035433,4
1298-001,5035433,4
1298-004,5018150,4
1298-009,5026791,4
1299-001,5035433,4
1299-006,5031112,4
1299-008,5035433,4
1300-001,5035433,4
1302-001,5078627,4
1302-002,5195265,5
1303-001,5035433,4
1304-001,5035433,4
1305-001,5035433,4
1306-001,5035433,4
1307-001,5035433,4
1308-001,5108870,6
1309-001,5022471,4
1309-002,5022471,4
1310-002,5108870,6
1311-001,5108870,6
1312-001,5108870,6
1314-001,5108870,6
1314-002,5108870,6
1315-001,5221197,4
1316-001,5108870,6
1317-001,5108870,6
1318-001,5108870,6
1319-001,5104547,6
1320-001,5104547,6
1321-001,5104547,6
1322-001,5104547,6
1323-001,5104547,6
1323-003,5104547,6
1323-005,5104547,6
1324-001,5104547,6
1324-003,5100227,6
1325-001,5104547,6
1326-001,5104547,6
1327-001,5104547,6
1328-001,5104547,6
1328-003,5026791,4
1329-001,5104547,6
1330-001,5104547,6
1330-003,5026791,4
1330-005,5104547,6
1331-001,5104547,6
1332-001,5121826,3
1333-001,5121826,3
1334-001,5121826,3
1335-001,5121826,3
1335-005,5121826,3
1336-001,5126146,4
1336-006,5121826,3
1337-001,5121826,3
1337-003,5026791,4
1338-001,5121826,3
1339-001,5121826,3
1340-001,5121826,3
1341-001,5121826,3
1342-001,5121826,3
1343-001,5139114,5
1344-001,5139114,5
1345-001,5139114,5
1346-001,5139114,5
1347-001,5221187,3
1348-001,5139114,5
1349-001,5139114,5
1350-001,5139114,5
1351-001,5139114,5
1352-001,5117512,
1352-004,5022471,4
1353-001,5117512,
1354-001,5117512,
1356-001,5117512,
1356-002,5117512,
1356-004,5117512,
1357-001,5117512,
1358-001,5117512,
1359-001,5117512,
1360-001,5117512,
1361-001,5130474,
1361-005,5229829,4
1362-001,5130474,
1363-001,5130474,
1364-001,5130474,
1365-001,5130474,
1365-004,5126153,6
1366-001,5130474,
1367-001,5130474,
1368-001,5130474,
1368-002,5130474,
1368-003,5130474,
1368-004,5130474,
1369-001,5195271,5
1370-001,5195271,5
1371-001,5182316,5
1371-002,5182316,5
1372-001,5195271,5
1373-001,5195271,5
1374-001,5190951,5
1375-001,5195271,5
1376-001,5195271,5
1377-001,5195271,5
1378-001,5221192,4
1379-001,5195271,5
1380-001,5195271,5
1381-001,5190950,5
1381-004,5199602,
1382-001,5190950,5
1383-001,5199602,
1384-001,5190950,5
1384-003,5190950,5
1385-001,5190950,5
1386-001,5190950,5
1388-001,5190950,5
1388-003,5190950,5
1389-001,5190950,5
1390-001,5182311,6
1391-001,5182311,6
1392-001,5182311,6
1392-003,5182316,5
1393-001,5182311,6
1394-001,5182311,6
1395-001,5182311,6
1396-001,5182311,6
1397-001,5182311,6
1398-001,5212536,3
1399-001,5212536,3
1400-001,5212536,3
1400-002,5212536,3
1401-001,5212536,3
1401-002,5216857,3
1402-001,5234140,3
1402-002,5212536,3
1403-001,5212536,3
1403-003,5221183,4
1405-001,5173655,3
1406-001,5173655,3
1407-001,5173655,3
1408-001,5100142,4
1409-001,5173655,3
1410-001,5173655,3
1410-002,5173655,3
1411-002,5173655,3
1412-001,5173655,3
1413-001,5173655,3
1414-001,5173655,3
1415-001,5173655,3
1415-003,5169335,4
1416-001,5182295,4
1417-001,5195254,5
1418-001,5195254,5
1418-004,5203895,3
1418-005,5203904,4
1419-001,5195254,5
1420-001,5195254,5
1421-001,5195254,5
1422-001,5195254,5
1423-001,5195254,5
1424-001,5195254,5
1425-001,5165008,5
1426-001,5169335,4
1427-001,5165008,5
1428-002,5165008,5
1429-001,5165008,5
1430-001,5165008,5
1431-001,5165008,5
1432-001,5165008,5
1433-001,5165008,5
1434-001,5173655,3
1435-001,5173655,3
1436-001,5173655,3
1437-001,5173655,3
1438-001,5173655,3
1439-001,5173655,3
1440-002,5173655,3
1440-007,5173655,3
1441-001,5173655,3
1442-001,5173655,3
1442-002,5173655,3
1443-001,5186627,5
1444-001,5186627,5
1445-002,5022471,4
1446-001,5186627,5
1447-001,5186627,5
1448-001,5186627,5
1448-003,5199591,4
1448-004,4905779,5
1448-006,5018151,
1449-001,5186627,5
1450-001,5203901,4
1451-001,5199600,4
1452-001,5186627,5
1453-001,5186627,5
1454-001,5199587,5
1455-001,5199587,5
1456-001,5199587,5
1456-002,5199587,5
1457-001,5199587,5
1458-001,5199587,5
1459-001,5199587,5
1460-001,5199587,5
1461-001,5199587,5
1462-001,5199587,5
1463-001,5186626,4
1463-004,5195267,5
1464-001,5186626,4
1465-001,5186626,4
1466-001,5186626,4
1467-001,5186626,4
1468-001,5022470,5
1469-001,5186627,5
1469-002,5195266,5
1470-001,5186626,4
1471-001,5186626,4
1472-001,5186626,4
1473-001,5186626,4
1474-001,5186626,4
1475-001,5186626,4
1476-001,5186635,4
1476-007,5186635,4
1477-001,5186635,4
1477-002,5186635,4
1478-001,5186635,4
1479-002,5186635,4
1479-004,5199592,4
1480-001,5186635,4
1481-001,5026790,4
1481-002,5186636,
1482-001,5186635,4
1483-001,5018150,4
1484-001,5186635,4
1484-004,5229825,3
1485-001,5186635,4
1486-001,5186636,
1487-001,5186636,
1487-002,5186636,
1488-001,5177997,
1489-001,5186636,
1490-001,5186636,
1491-001,5199598,4
1491-003,5195278,4
1492-001,5186636,
1493-001,5186636,
1494-001,5186636,
1495-001,5186636,
1496-001,5186636,
1496-003,5186636,
1496-004,5186636,
1497-001,5199597,4
1498-001,5216878,4
1500-001,5216878,4
1501-001,5216878,4
1502-001,5216878,4
1503-001,5216878,4
1504-001,5216878,4
1504-007,5216878,4
1505-001,5216878,4
1505-105,5199598,4
1506-001,5216878,4
1507-001,5216878,4
1508-001,5208239,4
1508-003,5208239,4
1509-001,5208239,4
1509-002,5208239,4
1510-001,5199602,
1511-001,5208239,4
1512-001,5208239,4
1513-001,5208239,4
1514-001,5208239,4
1515-001,5208239,4
1515-002,5208239,4
1515-004,5208239,4
1515-005,5208239,4
1516-001,5203918,4
1516-002,5203922,4
1517-001,5203918,4
1518-001,5203918,4
1518-007,5212546,5
1519-001,5203918,4
1520-001,5221185,3
1521-001,5199602,
1521-004,5199602,
1521-006,5208238,4
1522-001,5203918,4
1522-005,5203918,4
1522-007,5216877,4
1523-001,5203918,4
1524-001,5203918,4
1525-001,5203918,4
1525-003,5203918,4
1526-001,5208237,4
1526-002,5208237,4
1527-001,5208237,4
1527-004,5208237,4
1528-001,5208237,4
1529-001,5208237,4
1530-001,5208237,4
1531-001,5208237,4
1532-001,5208237,4
1532-002,5208237,4
1533-001,5208236,6
1534-001,5199598,4
1535-001,5199598,4
1536-001,5199598,4
1537-001,5199598,4
1538-001,5199598,4
1538-003,5026789,4
1539-001,5199602,
1539-002,5190958,4
1540-001,5199598,4
1541-001,5199598,4
1541-004,5199598,4
1542-001,5199598,4
1543-001,5199598,4
1544-001,5190959,
1544-102,5221195,4
1545-001,5212558,4
1546-001,5225516,4
1547-001,5190959,
1548-001,5199602,
1549-001,5190959,
1550-001,5190959,
1551-001,5190959,
1552-001,5190959,
1553-001,5190959,
1554-001,5195278,4
1554-002,5190959,
1555-001,5234151,5
1556-001,5234151,5
1556-101,5234151,5
1557-001,5234151,5
1558-001,5234151,5
1558-103,5022470,5
1559-001,5234151,5
1560-001,5234151,5
1561-001,5234151,5
1562-001,5221185,3
1563-001,5234151,5
1564-001,5234151,5
1565-001,5234151,5
1566-001,5234151,5
1567-001,5234151,5
1568-001,5221194,4
1568-005,5221194,4
1568-006,5225513,4
1569-001,5234151,5
1570-001,5234151,5
1571-001,5221193,4
1571-004,5225512,4
1571-005,5221193,4
1572-001,5234151,5
1573-001,5234151,5
1573-003,5234151,5
1573-006,5229832,4
1574-001,4832371,4
1575-001,5022470,5
1576-001,5234151,5
1577-001,5216877,4
1577-003,5221196,4
1577-004,5221197,4
1578-001,5234151,5
1579-001,5221185,3
1579-002,5195263,3
1580-001,5234151,5
1580-002,5212552,5
1580-003,5234151,5
1581-001,5225512,4
1582-001,5234152,5
1583-001,5234152,5
1584-001,5234152,5
1585-001,5234152,5
1586-001,5221185,3
1587-001,5234152,5
1588-001,5234152,5
1588-101,5022471,4
1589-001,5234152,5
1591-001,5221193,4
1592-001,5221193,4
1592-003,5221192,4
1593-001,5221193,4
1594-001,5221193,4
1595-001,5221193,4
1596-001,5221193,4
1597-001,5221193,4
1598-001,5221193,4
1599-001,5221193,4
1600-001,5212552,5
1601-001,5212552,5
1601-002,5225513,4
1601-003,5221192,4
1602-001,5212552,5
1603-001,5212552,5
1604-001,5212552,5
1604-005,5208232,4
1605-001,5212552,5
1606-001,5212552,5
1607-001,5212552,5
1608-001,5212552,5
1609-001,5212552,5
1610-001,5225512,4
1610-005,5229832,4
1611-001,5225512,4
1612-001,5225512,4
1612-003,5225511,4
1613-001,5225512,4
1614-001,5216880,4
1615-001,5225512,4
1616-001,5225512,4
1617-001,5225512,4
1617-004,5203905,5
1618-001,5225512,4
1619-001,5225512,4
1619-003,5225512,4
1620-001,5225512,4
1621-001,5221185,3
1621-003,5221185,3
1621-004,5221185,3
1622-001,5221185,3
1623-001,5221185,3
1623-002,5221185,3
1624-001,5221185,3
1625-001,5221185,3
1625-004,4797755,4
1626-001,5221185,3
1627-102,4983571,3
1628-002,5221185,3
1629-001,5221185,3
1630-001,5221185,3
1630-003,5221185,3
1630-004,5242791,3
1631-001,5221185,3
1632-001,5225505,2
1633-001,5225505,2
1634-001,5225505,2
1635-001,5225505,2
1636-001,5229825,3
1637-001,5009509,3
1637-009,5182316,5
1638-001,5225505,2
1638-104,5225505,2
1639-001,5225505,2
1639-103,5022469,3
1640-001,5225505,2
1640-002,5225505,2
1641-001,5212547,5
1642-001,5212547,5
1643-001,5212547,5
1643-003,5190945,6
1644-001,5212547,5
1644-003,5031113,4
1645-002,5247100,2
1645-003,5018151,
1646-002,5212547,5
1646-003,5212547,5
1647-001,5212547,5
1648-001,5212547,5
1649-001,5212547,5
1650-001,5208228,5
1651-001,5013830,
1652-001,5031110,4
1653-001,5208228,5
1653-002,5199601,
1654-001,5208228,5
1654-006,5082952,6
1655-001,5208228,5
1655-103,5022471,4
1656-001,5208228,5
1657-001,5208228,5
1658-001,5208228,5
1658-002,5208229,5
1659-001,5208228,5
1660-001,5208228,5
1661-001,5242782,3
1662-001,5229822,2
1663-002,5238458,4
1664-001,5229822,2
1664-003,5234129,3
1665-001,5229822,2
1666-001,5229822,2
1667-001,5229822,2
1668-001,5229822,2
1668-002,5229822,2
1669-001,5229822,2
1669-002,5225503,2
1670-001,5229822,2
1671-001,5229822,2
1672-001,5229822,2
1673-001,5225509,4
1673-002,5199602,
1674-001,5225509,4
1674-003,4983548,4
1675-001,5225509,4
1676-001,5221185,3
1677-001,5225509,4
1679-001,5225509,4
1680-001,5225509,4
1680-006,5225509,4
1681-001,5225509,4
1682-001,5225509,4
1683-001,5225516,4
1684-001,5225516,4
1684-002,5229835,4
1685-001,5225516,4
1685-003,5229837,3
1685-008,5242781,2
1686-001,5225516,4
1686-003,5225516,4
1687-001,5225516,4
1687-006,5229837,3
1688-001,5225516,4
1689-001,5182314,4
1689-002,5182313,5
1690-001,5225516,4
1691-001,5225516,4
1691-003,5221200,4
1691-005,5229836,4
1692-002,5225516,4
1693-001,5229833,5
1694-001,5229833,5
1696-001,5229833,5
1697-001,5022471,4
1698-001,5229833,5
1699-001,5229833,5
1700-001,5229833,5
1700-102,5229835,4
1701-001,5229833,5
1702-001,5229833,5
1702-003,5229833,5
1703-002,5229833,5
1704-001,5199602,
1706-001,5199602,
1707-001,5199602,
1707-008,5208224,5
1708-001,5199602,
1709-001,5199602,
1709-006,5022470,5
1710-001,5221185,3
1711-001,5225512,4
1712-001,5199602,
1713-002,5199602,
1713-003,5199602,
1714-001,5199602,
1715-001,5203923,4
1716-001,5199602,
1716-004,5199601,
1717-001,5199602,
1717-102,5022470,5
1718-001,5199602,
1719-002,5216872,4
1719-007,5216872,4
1720-001,5199602,
1721-001,5225513,4
1721-006,5225513,4
1721-007,5225513,4
1722-001,5199602,
1723-001,5203922,4
1724-001,5203922,4
1724-002,5195280,4
1724-003,5199605,
1725-001,5203922,4
1727-001,5203922,4
1728-001,5199602,
1729-001,5182316,5
1730-001,5203922,4
1730-002,5199600,4
1731-001,5203922,4
1733-001,5203922,4
1734-001,5203922,4
1735-001,5199601,
1735-003,5018150,4
1735-004,5199601,
1736-001,5199601,
1737-001,5199601,
1738-001,5199601,
1738-002,5208241,4
1739-001,5190958,4
1740-001,5199601,
1741-001,5199601,
1743-001,5199601,
1744-001,5199601,
1744-002,5199601,
1744-004,5199601,
1745-001,5199602,
1746-001,5199602,
1747-001,5199602,
1747-004,5190955,4
1748-001,5199602,
1749-001,5199602,
1749-003,5199602,
1750-001,5199602,
1751-001,5199602,
1752-001,5199602,
1753-001,5199602,
1754-001,5212546,5
1754-003,5212546,5
1754-004,5212546,5
1755-002,5199602,
1755-103,5195280,4
1756-001,5199602,
1757-001,5234128,3
1758-001,5238448,5
1758-003,5234128,3
1758-005,5234128,3
1758-013,5225493,3
1759-001,5234128,3
1760-001,5234128,3
1761-001,5216844,2
1762-001,5234128,3
1763-001,5234128,3
1764-001,5234128,3
1765-001,5234128,3
1766-001,5238448,5
1767-001,5238448,5
1767-003,5238448,5
1767-006,4771866,3
1768-001,5238448,5
1769-002,5238448,5
1770-001,5238448,5
1771-001,5238448,5
1772-001,5238448,5
1773-001,5238448,5
1774-001,5238448,5
1775-001,5238448,5
1777-001,5238448,5
1777-003,5238448,5
1778-001,5238448,5
1779-001,5238448,5
1779-002,5238448,5
1780-001,5238448,5
1781-001,5238448,5
1781-003,5026791,4
1782-001,5238448,5
1783-001,5238448,5
1784-001,5238448,5
1785-001,5238448,5
1786-001,5238448,5
1787-002,5238448,5
1788-001,5238448,5
1789-001,5238448,5
1790-001,5238448,5
1791-001,5238448,5
1791-003,5238448,5
1792-001,5238448,5
1793-001,5234127,4
1794-001,5234127,4
1795-001,5234127,4
1796-001,5234127,4
1797-001,5234127,4
1798-001,5234127,4
1799-001,5234127,4
1800-001,5260027,3
1801-001,5260027,3
1802-001,5260027,3
1803-001,5260027,3
1803-004,5260027,3
1803-006,5260027,3
1804-001,5260027,3
1804-103,5260027,3
1804-104,5260027,3
1805-001,5260027,3
1806-001,5260027,3
1807-001,5260027,3
1808-001,5260027,3
1809-001,5216824,2
1810-001,5216824,2
1810-003,5216827,2
1811-001,5216824,2
1812-001,5216824,2
1813-001,5216824,2
1814-001,5216824,2
1815-001,5216824,2
1816-001,5216824,2
1817-001,5216824,2
1818-001,5216825,2
1819-001,5216825,2
1820-001,5216825,2
1821-001,5216827,2
1822-001,5216825,2
1823-001,5216825,2
1823-004,5216827,2
1824-001,5216825,2
1824-002,5216825,2
1825-001,5216825,2
1826-001,5216825,2
1826-005,5186575,6
1827-001,5225468,5
1827-007,5225468,5
1828-001,5225468,5
1829-001,5225468,5
1829-002,5238415,4
1830-001,5225468,5
1831-001,5225468,5
1832-001,5225468,5
1832-005,5225468,5
1833-001,5225468,5
1834-001,5225468,5
1835-001,5225468,5
1836-001,5251377,4
1837-001,5251377,4
1838-001,5251377,4
1839-001,5221147,4
1839-003,5221147,4
1839-006,5221147,4
1840-001,5251377,4
1841-001,5251377,4
1842-001,5251377,4
1843-001,5251377,4
1844-001,5251377,4
1844-004,5251377,4
1845-001,5242740,5
1846-002,5242740,5
1847-001,5242740,5
1848-001,5242740,5
1849-001,5242740,5
1849-003,5242740,5
1850-001,5242740,5
1850-003,5242740,5
1851-001,5242740,5
1852-001,5242740,5
1853-001,5242740,5
1854-001,5242740,5
1855-001,5242735,5
1855-006,5160652,5
1856-001,5156327,6
1856-002,5242735,5
1857-001,5242735,5
1857-003,5177944,4
1858-001,5242735,5
1860-001,5242735,5
1861-001,5242735,5
1862-001,5242735,5
1863-001,5242735,5
1863-004,5247057,5
1864-001,5242735,5
1865-001,5234098,6
1865-004,5234100,4
1866-001,5234098,6
1867-001,5234098,6
1867-002,5234098,6
1868-001,5234098,6
1868-006,5234098,6
1869-001,5234098,6
1869-002,5234098,6
1870-001,5234098,6
1871-001,5234098,6
1872-001,5234098,6
1873-001,5234098,6
1873-002,5247064,3
1874-001,5234098,6
1875-001,5212495,5
1875-002,5225463,3
1875-105,5255700,5
1876-001,5139039,3
1878-001,5212495,5
1879-001,5212495,5
1879-002,5212495,5
1880-001,5212496,6
1881-001,5216815,5
1881-002,5065628,4
1882-001,5216815,5
1883-001,5212495,5
1884-001,5212495,5
1885-002,5212495,5
1886-001,5069948,3
1887-001,5212495,5
1888-001,5212495,5
1888-003,5212495,5
1889-001,5208188,2
1890-001,5208188,2
1891-001,5208188,2
1892-001,5208188,2
1893-001,5208188,2
1894-001,5208188,2
1895-001,5216827,2
1896-001,5208188,2
1897-001,5186590,3
1898-001,5216827,2
1900-001,5186590,3
1901-001,5199550,2
1902-001,5186590,3
1903-001,5186590,3
1904-001,5186590,3
1904-006,5190911,3
1904-008,5186590,3
1905-001,5186590,3
1906-001,5221147,4
1906-102,5013830,
1907-001,5026790,4
1908-001,5216827,2
1909-001,5212515,2
1910-001,5212515,2
1911-001,5212515,2
1912-001,5212515,2
1912-006,5208193,2
1913-001,5212515,2
1914-001,5212515,2
1915-001,5212515,2
1916-001,5212515,2
1917-001,5065628,4
1918-001,5065628,4
1918-003,5065628,4
1919-001,5065628,4
1920-001,5065628,4
1921-001,4983549,5
1921-007,5065628,4
1922-001,5065628,4
1923-001,5065628,4
1924-001,5065628,4
1924-002,5018150,4
1925-001,5078580,5
1926-001,5078580,5
1926-103,4776156,6
1927-001,5078580,5
1927-003,5078580,5
1928-001,5078580,5
1929-001,5078580,5
1930-001,5078580,5
1931-001,5078580,5
1932-001,5078580,5
1932-009,5065632,5
1933-001,5108818,3
1934-002,5095863,1
1934-003,5095863,1
1935-001,5108818,3
1936-001,5108818,3
1937-001,5108818,3
1938-001,5108818,3
1939-001,5108818,3
1939-103,5022471,4
1940-001,5013830,
1941-001,5018151,
1941-002,5018151,
1942-001,5108818,3
1943-001,5108818,3
1944-001,5108818,3
1945-001,5104496,3
1946-001,5104496,3
1947-001,5104496,3
1948-001,5104496,3
1948-108,5104496,3
1949-001,5104496,3
1950-001,5104496,3
1951-001,5104496,3
1951-002,5104496,3
1952-001,5104496,3
1953-001,5108824,3
1954-001,5108824,3
1955-001,5108824,3
1956-001,5108824,3
1956-003,5108824,3
1957-001,5108824,3
1958-001,5108824,3
1959-001,5108824,3
1960-001,5022471,4
1961-001,5108824,3
1962-001,5108824,3
1963-001,5108824,3
1964-001,5108824,3
1965-001,5069948,3
1966-003,5108824,3
1967-001,5108824,3
1968-001,5108824,3
1969-001,5108824,3
1969-003,5108820,1
1970-001,5108824,3
1972-001,5130407,3
1973-001,5130407,3
1973-002,5126097,1
1974-001,5126081,4
1975-001,5130407,3
1976-001,5130407,3
1977-001,5130407,3
1978-001,5130407,3
1979-001,5130407,3
1979-003,5147689,6
1980-001,5147696,3
1981-001,5147696,3
1982-001,5147696,3
1982-003,5018150,4
1983-001,5147696,3
1984-001,5147696,3
1985-001,5147696,3
1986-002,5147696,3
1986-007,5143376,2
1987-001,5147696,3
1987-105,5147696,3
1988-001,5134737,2
1989-001,5134737,2
1990-001,5134737,2
1990-003,5134738,3
1991-001,5134737,2
1992-001,5113156,3
1993-001,4836689,5
1994-001,5134737,2
1996-001,5134737,2
1997-001,5134737,2
1998-001,5173613,5
1999-001,5173613,5
2000-001,5173613,5
2001-001,5173613,5
2002-001,5173613,5
2003-001,5173613,5
2004-001,5173613,5
2005-001,5173613,5
2006-001,5190894,6
2007-001,5190894,6
2008-001,5190894,6
2009-001,5190894,6
2010-001,5190894,6
2011-001,5190894,6
2011-003,5190895,6
2012-001,5190894,6
2013-001,5190894,6
2014-001,5186576,5
2015-001,5186576,5
2016-001,5186576,5
2017-001,5186576,5
2018-001,5186576,5
2019-001,5186576,5
2020-001,5186576,5
2021-001,5065628,4
2022-001,5065628,4
2023-001,5065628,4
2024-001,5065628,4
2025-001,5130408,4
2026-001,5065628,4
2028-001,5065628,4
2029-001,5065628,4
2030-001,5065628,4
2031-001,5065628,4
2031-108,5095863,1
2032-001,5065628,4
2033-001,5026790,4
2034-001,5065628,4
2035-001,4910111,4
2036-001,5065628,4
2036-010,5018150,4
2037-001,4996517,4
2038-001,5065628,4
2039-001,5065628,4
2040-001,5065628,4
2041-001,5013811,5
2042-001,5065628,4
2043-001,5069948,3
2044-001,5069948,3
2045-001,5069948,3
2046-001,5069948,3
2047-001,5069948,3
2048-001,5069948,3
2049-001,5091540,2
2049-002,5069948,3
2050-001,5069948,3
2051-001,5069948,3
2052-001,5074267,2
2053-001,5069948,3
2054-001,5056997,3
2055-001,5056997,3
2056-001,5056997,3
2057-001,5056997,3
2058-001,5056997,3
2059-001,5056997,3
2060-001,5056997,3
2061-001,5056997,3
2062-001,5056997,3
2063-001,5069920,3
2064-001,5069920,3
2065-001,5069920,3
2066-001,5100155,4
2067-001,5069920,3
2069-001,5069920,3
2070-001,5069920,3
2071-001,5104477,4
2071-003,5078559,3
2072-001,5104477,4
2073-001,5104477,4
2074-001,5104477,4
2075-002,5104477,4
2076-001,5104477,4
2077-001,5104477,4
2078-001,5104477,4
2079-001,5104477,4
2080-001,5117439,6
2080-005,5117439,6
2081-001,5117439,6
2082-001,5117439,6
2083-001,5117439,6
2084-001,5117439,6
2085-001,5117439,6
2085-002,5117439,6
2086-001,5117439,6
2087-001,5117439,6
2088-001,5117439,6
2089-001,5104476,3
2091-001,5104476,3
2092-001,5104476,3
2093-001,5104476,3
2094-001,5104476,3
2094-004,5147673,6
2095-001,5100157,4
2096-001,5104476,3
2097-001,5104476,3
2097-002,5104476,3
2098-001,5104476,3
2099-001,5113107,5
2100-001,5143360,3
2100-003,5143359,4
2101-001,5143360,3
2102-001,5143360,3
2103-002,5143360,3
2104-001,5143360,3
2105-001,5143360,3
2106-001,5143360,3
2107-001,5143360,3
2107-004,5143360,3
2108-001,5143360,3
2109-001,5139040,3
2110-001,5139040,3
2111-001,5139040,3
2112-001,5139040,3
2112-002,5139040,3
2113-001,5139040,3
2114-001,5139040,3
2115-001,5139040,3
2116-001,5139040,3
2117-001,5139040,3
2118-001,5139040,3
2119-001,5156327,6
2120-001,5156327,6
2121-001,5156326,5
2122-002,5156327,6
2123-001,5156327,6
2123-003,5156327,6
2124-001,5156327,6
2125-001,5156328,7
2126-001,5156327,6
2126-002,5156327,6
2127-001,5156327,6
2128-001,5164967,9
2129-001,5164967,9
2130-001,5164967,9
2131-001,5164967,9
2131-002,5152017,3
2131-005,5013830,
2132-001,5164967,9
2132-008,5164967,9
2133-002,5164967,9
2134-001,5164967,9
2135-001,5022470,5
2136-001,5164967,9
2137-001,5164967,9
2137-003,5164967,9
2138-001,5164967,9
2139-001,5242745,3
2140-001,5164967,9
2140-002,5164967,9
2141-001,5139045,6
2142-001,5139045,6
2143-001,5130401,2
2144-001,5139045,6
2144-003,5139045,6
2145-001,5139045,6
2147-001,5139045,6
2148-001,5147683,5
2149-001,5126082,3
2150-001,5147683,5
2151-001,5147683,5
2152-001,5147683,5
2153-001,5147683,5
2154-001,5147683,5
2155-001,5121766,5
2156-001,5139042,4
2157-001,5139042,4
2158-001,5139042,4
2159-001,5139042,4
2160-001,5139042,4
2161-001,5139042,4
2162-001,5139042,4
2163-002,5139042,4
2164-001,5139042,4
2164-005,5139042,4
2164-007,5139042,4
2165-001,5156317,5
2166-001,5147673,6
2167-001,5156317,5
2168-001,5156317,5
2168-002,5156317,5
2169-001,5156317,5
2169-004,5156317,5
2170-001,5156317,5
2171-001,5156317,5
2171-003,5156317,5
2172-001,5156316,5
2174-001,5018131,4
2175-001,5156316,5
2176-001,5156316,5
2177-001,5156316,5
2178-001,5147676,4
2179-001,5156316,5
2180-001,5156316,5
2181-001,5156316,5
2182-001,5126076,4
2183-001,5126076,4
2183-002,5126076,4
2184-001,5126081,4
2185-001,5126076,4
2186-001,5126076,4
2187-001,5126076,4
2188-001,5126076,4
2189-001,5126076,4
2190-001,5126076,4
2191-001,5126076,4
2192-001,5126076,4
2192-002,5121755,6
2192-003,5126076,4
2193-001,5126077,6
2194-001,5126077,6
2195-001,5126077,6
2196-001,5126077,6
2196-004,5126077,6
2197-001,5126077,6
2198-001,5126077,6
2199-001,5126077,6
2200-001,5126077,6
2201-001,5126077,6
2202-001,5126080,5
2203-001,5139034,3
2203-004,5139034,3
2204-001,5139034,3
2205-001,5147673,6
2206-001,5139034,3
2207-001,5139034,3
2208-001,5139034,3
2209-001,5139034,3
2209-003,5139034,3
2210-001,5139034,3
2210-002,5139034,3
2210-004,5139034,3
2211-001,5139034,3
2212-001,5113132,5
2213-001,5113132,5
2214-001,5113132,5
2214-007,5113132,5
2215-001,5113132,5
2216-001,5113132,5
2217-001,5113132,5
2218-001,5113132,5
2219-001,5130402,3
2220-001,5130402,3
2221-001,5130402,3
2222-001,5130402,3
2222-005,5130402,3
2223-001,5130402,3
2224-001,5130402,3
2226-001,5130402,3
2227-001,5130402,3
2228-001,5130402,3
2229-001,5126081,4
2229-103,5143363,3
2230-001,5126081,4
2230-004,5130401,2
2231-001,5126081,4
2232-001,5126081,4
2233-001,5126081,4
2234-001,5126081,4
2235-002,5126081,4
2236-001,5126081,4
2237-001,4884173,6
2238-001,4884173,6
2239-001,4884173,6
2240-001,4884173,6
2240-007,4884173,6
2241-001,4884173,6
2242-001,4827987,5
2243-001,4884173,6
2244-001,4884173,6
2245-001,4884173,6
2246-001,4875533,5
2247-001,4879851,9
2248-001,4884173,6
2249-001,4892810,3
2249-004,4897123,3
2250-001,4892810,3
2250-002,4901451,5
2251-001,4892810,3
2251-006,4892810,3
2252-001,4892810,3
2253-001,4892810,3
2254-001,4892810,3
2255-001,4892810,3
2255-004,4871229,4
2256-001,4931741,5
2257-001,4892810,3
2258-001,4953295,4
2259-001,4953295,4
2260-001,4953295,4
2261-001,4884158,4
2262-001,4953295,4
2263-001,4944657,3
2263-002,4953295,4
2264-001,4953295,4
2264-004,4884158,4
2265-001,4953295,4
2266-001,4953295,4
2267-001,4944656,4
2268-001,4966258,4
2268-003,4966258,4
2268-004,4961938,4
2269-001,4953299,3
2270-001,4953299,3
2271-001,4953299,3
2271-003,4948979,3
2272-001,4953299,3
2273-001,4953299,3
2274-001,4953299,3
2274-003,4953299,3
2274-005,4961938,4
2274-008,4953299,3
2274-009,5018131,4
2275-001,4974888,4
2275-003,4931748,5
2275-004,4974888,4
2276-001,4974888,4
2277-001,4974888,4
2278-001,4974888,4
2278-003,4927353,5
2279-001,4987876,4
2280-001,4974888,4
2280-002,4974888,4
2281-001,4974888,4
2281-011,4974888,4
2282-001,4974888,4
2283-001,4974888,4
2284-002,4841000,3
2286-001,5022469,3
2287-001,4914417,4
2288-001,4914417,4
2288-002,4914417,4
2289-001,4914417,4
2289-002,4914417,4
2290-001,4914417,4
2291-001,4914417,4
2291-004,5126081,4
2291-006,4914417,4
2292-001,4914417,4
2293-001,4884166,2
2293-003,4918736,4
2293-004,4927373,5
2294-001,4918736,4
2294-004,4918736,4
2295-001,4918736,4
2296-001,4918736,4
2297-001,4918736,4
2298-001,4918736,4
2299-001,4914416,4
2300-002,4918736,4
2300-005,4918736,4
2300-006,4918736,4
2301-001,4884158,4
2301-003,4884158,4
2301-007,4884158,4
2302-001,4884158,4
2303-001,4884158,4
2303-002,4884158,4
2304-001,4905761,3
2304-004,4905761,3
2305-001,4862551,5
2306-001,4884158,4
2307-001,4884158,4
2308-001,4884158,4
2309-001,4884158,4
2309-005,5117451,5
2309-007,4884158,4
2309-104,4823663,5
2310-001,4884158,4
2311-001,4884158,4
2312-001,4892798,3
2313-001,4892798,3
2313-004,4892798,3
2314-001,4884158,4
2315-001,4892798,3
2316-001,4892798,3
2316-003,4892798,3
2317-001,4892798,3
2318-001,4888478,4
2318-002,4892798,3
2319-001,4892798,3
2320-001,4892798,3
2320-003,4892798,3
2321-001,4875521,4
2322-001,4879847,2
2322-003,4888489,3
2323-001,4879847,2
2323-002,4840966,5
2324-001,4879847,2
2324-004,4879847,2
2324-011,4875527,4
2324-012,4879848,4
2324-019,4879847,2
2325-002,4879847,2
2325-005,4879847,2
2325-008,4888486,2
2326-001,4987846,5
2326-004,4992166,5
2326-005,4987846,5
2327-001,4875525,3
2328-001,4992166,5
2329-001,5026721,3
2329-002,4879847,2
2330-001,4879847,2
2331-001,4879847,2
2332-001,4884166,2
2333-001,4884166,2
2334-001,4905768,5
2335-001,4884166,2
2335-003,4884166,2
2336-001,4888486,2
2337-001,4884166,2
2338-001,4884166,2
2339-001,4884166,2
2339-004,4892806,3
2339-012,4884166,2
2340-001,4884166,2
2340-008,4996452,4
2340-009,4884166,2
2340-013,4884166,2
2341-001,4884166,2
2341-005,4879832,4
2342-001,4879846,1
2342-006,4879846,1
2342-007,4879846,1
2343-001,4879846,1
2344-001,4879846,1
2345-005,4879845,2
2346-001,4879846,1
2347-001,4879846,1
2347-011,4879846,1
2348-001,4879846,1
2348-010,4901444,3
2349-001,4879846,1
2350-001,4879846,1
2351-001,4879846,1
2351-002,4936004,3
2352-001,4879846,1
2353-001,4901441,4
2354-001,4901441,4
2354-004,4996448,5
2355-002,4901441,4
2356-001,4901441,4
2357-001,4901441,4
2358-001,4897121,4
2359-001,4901441,4
2359-005,4901441,4
2360-001,4901441,4
2361-001,4901441,4
2362-001,4901441,4
2363-001,4927363,4
2363-002,4910080,4
2364-001,4905745,3
2365-001,4923041,3
2366-001,4923041,3
2366-004,4931647,4
2366-006,4888481,3
2367-001,4923041,3
2368-001,4884158,4
2369-001,4884160,4
2369-002,4923041,3
2370-001,4923041,3
2371-001,4944645,3
2371-011,4944646,3
2372-002,4923041,3
2373-001,4888470,5
2373-006,4884150,5
2374-001,4888470,5
2375-001,4888470,5
2375-004,4888470,5
2375-008,4840938,5
2375-009,4888470,5
2377-001,4875515,4
2378-001,4888470,5
2378-005,4884149,4
2379-001,4888470,5
2380-001,4888470,5
2381-001,4866871,5
2382-001,4888470,5
2383-002,4888470,5
2384-001,4888470,5
2384-003,4888470,5
2385-001,4888470,5
2386-001,5031041,3
2386-002,5026722,3
2387-001,4901425,3
2388-001,4901425,3
2389-001,4901425,3
2390-001,4901425,3
2390-002,4901425,3
2391-001,4901425,3
2392-001,4901425,3
2392-003,4901425,3
2393-001,4901425,3
2393-003,4901425,3
2394-001,4901425,3
2395-001,4901425,3
2395-003,4927344,3
2395-009,4914387,6
2396-001,4957594,4
2397-001,4957594,4
2398-001,4957593,3
2399-001,4957594,4
2399-006,4953273,3
2400-001,4957593,3
2401-001,4957592,3
2401-002,4927353,5
2402-001,4957594,4
2403-001,4957594,4
2403-005,4957594,4
2404-001,4957594,4
2405-001,4957594,4
2406-001,4957594,4
2406-004,4957594,4
2406-006,4957594,4
2406-033,4961914,3
2408-001,4992166,5
2408-009,4992166,5
2409-001,4992166,5
2410-001,5052641,3
2410-002,4992166,5
2411-001,4992166,5
2411-002,4992166,5
2411-003,5026721,3
2412-001,4992166,5
2412-003,4992166,5
2413-001,4992166,5
2413-003,4992166,5
2414-001,4992166,5
2415-001,4992166,5
2416-001,4992166,5
2416-008,4992166,5
2416-104,4996487,5
2417-001,4944632,4
2418-001,4944632,4
2418-006,4944632,4
2418-007,4940312,3
2419-001,4944632,4
2419-003,4944631,3
2419-014,4940324,3
2420-001,4944632,4
2421-001,4944632,4
2422-001,4944632,4
2423-001,4884158,4
2423-005,4884158,4
2423-018,4948954,6
2424-001,4918706,4
2424-002,4944632,4
2425-002,4948951,4
2426-001,4944632,4
2426-008,4892792,5
2427-001,4927353,5
2427-007,4948951,4
2427-103,5018150,4
2428-001,4927353,5
2428-002,5018149,3
2428-003,4927353,5
2428-004,4823687,5
2428-006,4957593,3
2429-001,4927353,5
2430-001,4927353,5
2431-001,4927353,5
2431-003,5018150,4
2431-105,5026791,4
2432-001,5022471,4
2433-001,4927353,5
2434-001,4927353,5
2435-001,4927353,5
2436-001,4927353,5
2437-001,4931674,5
2438-001,4931674,5
2440-001,4923032,5
2440-003,4923033,5
2440-008,4923032,5
2441-001,4931674,5
2442-001,4927353,5
2443-001,4931674,5
2443-002,4931674,5
2443-004,4931674,5
2444-001,4931674,5
2444-007,4931674,5
2445-002,4996455,4
2446-001,4797755,4
2447-001,4996455,4
2448-001,4996455,4
2449-001,4996455,4
2450-001,4996455,4
2451-001,4996455,4
2452-001,4953244,4
2453-001,4953244,4
2454-001,4953244,4
2455-001,4953244,4
2455-004,4957564,5
2456-001,4957566,5
2457-001,4953244,4
2459-001,4953244,4
2460-001,4953244,4
2461-001,4996452,4
2462-002,4996452,4
2463-001,4996452,4
2465-001,4996452,4
2466-001,4996452,4
2467-001,4996452,4
2468-001,4996452,4
2469-001,4996452,4
2470-001,4996452,4
2471-001,4996452,4
2473-001,4996452,4
2474-001,5117423,4
2475-001,5117423,4
2476-001,5117423,4
2477-004,5117423,4
2478-001,5117423,4
2479-001,5117423,4
2480-001,5117423,4
2481-001,5117423,4
2482-001,5117423,4
2484-001,5061258,5
2485-002,5039656,5
2485-003,5043976,5
2486-001,5061258,5
2487-001,5061258,5
2488-001,5061258,5
2489-001,5061258,5
2489-003,5061258,5
2490-001,5065578,6
2491-001,5061258,5
2492-001,5061258,5
2493-001,5061258,5
2494-001,5069901,5
2495-001,5069901,5
2496-001,5069901,5
2497-001,5069901,5
2498-001,5069901,5
2498-003,5069901,5
2498-004,5069901,5
2499-001,5069901,5
2500-001,5069901,5
2501-001,5069901,5
2502-001,5056933,4
2503-001,5056934,4
2504-001,5056933,4
2505-001,5056933,4
2506-001,5056933,4
2507-001,5056933,4
2507-003,5056932,5
2508-001,5056933,4
2509-001,5056933,4
2510-001,5056933,4
2510-004,5056933,4
2510-005,5043974,6
2511-001,5082860,4
2512-001,5147673,6
2512-004,5147673,6
2512-006,5147673,6
2513-001,5061252,5
2514-001,5061252,5
2515-001,5061252,5
2516-001,5061252,5
2517-001,5061252,5
2518-001,5061252,5
2519-001,5061251,6
2520-001,5061252,5
2521-001,5078539,3
2521-002,5078539,3
2522-001,5048287,5
2523-001,5048287,5
2524-001,5048287,5
2525-001,5048287,5
2526-001,5048287,5
2527-001,5048287,5
2528-001,5048287,5
2529-001,5022470,5
2530-001,5048287,5
2531-001,5048287,5
2532-001,5078540,5
2533-001,5078540,5
2534-001,5078540,5
2535-001,5078540,5
2535-003,5078539,3
2536-001,5078540,5
2537-001,5078540,5
2538-001,5078540,5
2539-001,5078540,5
2540-001,5078540,5
2541-001,5078540,5
2542-001,5078540,5
2543-001,4836618,4
2544-001,4853888,5
2545-001,4853888,5
2546-001,4815011,5
2546-002,4866871,5
2547-001,4901401,4
2548-001,4858209,4
2548-102,4858206,4
2549-001,4853888,5
2550-002,4853888,5
2551-001,4853888,5
2551-003,4884158,4
2551-004,4840999,3
2552-001,4853888,5
2553-001,4853888,5
2554-001,4853888,5
2554-004,4767514,6
2555-001,4884125,4
2556-001,4918675,6
2556-004,4918675,6
2557-001,4853888,5
2558-001,4853888,5
2559-001,4853888,5
2560-001,4853888,5
2560-004,4836611,5
2561-001,4853888,5
2562-001,4853888,5
2563-001,4853888,5
2563-006,4853888,5
2564-001,4862527,4
2565-001,4862527,4
2566-001,4862527,4
2566-003,4866871,5
2567-001,4862527,4
2568-001,4862527,4
2569-001,4862527,4
2570-001,4862527,4
2570-004,4862527,4
2571-001,4862527,4
2572-001,4862527,4
2573-001,4858205,4
2574-001,4858205,4
2575-001,4858205,4
2576-001,4858205,4
2577-001,4858205,4
2578-001,4858205,4
2578-003,4866847,4
2579-001,4879805,4
2580-001,4858205,4
2581-002,4858205,4
2582-001,4858205,4
2583-001,4875483,4
2584-001,4875483,4
2584-003,4888445,3
2584-107,4875483,4
2585-001,4875483,4
2586-001,4875483,4
2588-001,4875483,4
2589-001,4875483,4
2590-001,4875483,4
2590-011,4879802,3
2591-001,4875483,4
2591-003,4875483,4
2592-001,4875483,4
2593-001,4875483,4
2594-001,4875483,4
2595-001,4875483,4
2595-004,4901401,4
2596-001,4884125,4
2597-001,4884125,4
2598-001,4884125,4
2598-003,4884125,4
2599-001,4884125,4
2600-001,4884125,4
2601-001,4884125,4
2602-001,4884125,4
2602-004,4884125,4
2603-001,4853888,5
2604-001,4884125,4
2604-003,4884125,4
2605-001,4884125,4
2605-004,4884125,4
2606-001,4892764,4
2607-001,4892764,4
2608-001,4892764,4
2609-001,4892764,4
2610-001,4892764,4
2611-001,4892764,4
2612-001,4892764,4
2613-001,4892764,4
2613-005,4892764,4
2614-001,4905717,5
2614-004,4905717,5
2615-001,4853921,5
2616-001,4905717,5
2617-001,4914358,5
2618-001,4905717,5
2618-003,4905717,5
2618-006,4905717,5
2619-001,4905717,5
2619-003,4905717,5
2620-001,4905717,5
2621-001,4905717,5
2622-001,4905717,5
2622-003,4901398,5
2622-004,4905717,5
2622-005,4905717,5
2622-008,4905717,5
2623-001,4905717,5
2624-001,4905717,5
2624-003,4905717,5
2625-001,4905717,5
2626-001,4888441,3
2626-002,4888441,3
2627-001,4888441,3
2628-001,4888441,3
2628-004,4888442,5
2629-001,4888441,3
2630-001,4888441,3
2631-001,4888441,3
2632-002,4888441,3
2633-001,4888441,3
2634-001,4888441,3
2635-001,4888441,3
2635-002,4888441,3
2636-001,4888441,3
2637-001,4888441,3
2637-004,4901401,4
2638-001,4901401,4
2639-001,4901401,4
2640-001,4901401,4
2641-001,4901401,4
2642-001,4797754,9
2643-001,4901401,4
2643-003,4901401,4
2643-004,4901401,4
2644-001,4901401,4
2645-001,4901401,4
2646-001,4901401,4
2648-001,4901401,4
2649-001,4910036,4
2649-003,4910036,4
2650-001,4910036,4
2651-001,4910036,4
2652-001,4910036,4
2653-001,4910036,4
2654-002,4910036,4
2656-001,4910036,4
2656-003,4910036,4
2656-005,4910036,4
2657-001,4910036,4
2657-102,4935974,6
2658-001,4910036,4
2659-001,4931652,3
2660-001,4931652,3
2661-001,4931652,3
2662-001,4931652,3
2663-001,4931652,3
2664-001,4931652,3
2665-001,4931652,3
2666-001,4931652,3
2667-001,4931652,3
2667-002,4931652,3
2668-001,4931652,3
2669-001,4918675,6
2669-002,4979157,5
2670-001,5022470,5
2671-001,4979157,5
2671-002,4987869,3
2671-005,4979157,5
2672-001,4979157,5
2673-001,4979157,5
2674-001,4979157,5
2674-003,4979157,5
2674-006,4931637,9
2675-001,4979157,5
2676-001,4979157,5
2677-001,4979157,5
2677-004,4979157,5
2677-008,4979157,5
2677-010,4979157,5
2678-001,4979157,5
2679-003,4979157,5
2680-001,4940277,9
2680-004,5013724,6
2681-001,4815049,4
2682-002,4862551,5
2682-003,4815049,4
2683-001,4815049,4
2684-001,4815049,4
2685-001,4815049,4
2686-001,4815049,4
2687-001,4815049,4
2687-003,4815049,4
2687-005,4815049,4
2687-006,4832309,4
2687-009,4819370,5
2688-001,4815049,4
2689-001,4815049,4
2689-006,4819369,5
2689-011,4823689,5
2690-001,4823685,5
2691-001,4823685,5
2692-001,4823685,5
2693-001,4823685,5
2694-001,4823685,5
2695-001,4823685,5
2695-002,4832323,4
2696-001,4828006,4
2697-001,4823685,5
2698-001,4823685,5
2698-008,4823685,5
2699-001,4823685,5
2700-001,4823685,5
2701-002,5095879,4
2701-103,4797755,4
2701-104,5100200,3
2702-001,4828002,5
2703-001,4828002,5
2703-017,4828002,5
2704-001,4828002,5
2705-002,4828002,5
2705-003,4828002,5
2706-001,4828002,5
2707-001,4845287,5
2708-002,4828002,5
2709-001,5018150,4
2710-001,4858238,5
2711-001,4862546,4
2711-002,4858238,5
2711-004,4858238,5
2712-001,4927335,3
2713-001,4858238,5
2713-004,4858238,5
2714-001,5022465,3
2715-001,4845288,5
2716-001,4935984,4
2716-012,4940305,3
2717-001,4858238,5
2718-001,4853915,5
2718-003,4866876,2
2719-001,4866877,2
2719-002,4866879,4
2720-002,4879834,5
2721-001,4858238,5
2722-001,4858238,5
2723-001,4858238,5
2724-001,4858238,5
2725-002,4823663,5
2725-004,4858238,5
2726-001,4858238,5
2727-001,4836634,4
2727-003,4836634,4
2729-001,4836634,4
2730-001,4836634,4
2730-003,4836634,4
2731-001,4836634,4
2731-004,4858240,4
2731-010,4875535,5
2732-001,4858241,5
2733-001,4836634,4
2734-001,4845272,5
2734-003,4823674,3
2735-001,4836634,4
2735-003,4819336,4
2736-001,4815026,4
2737-001,4827991,5
2738-001,4832309,4
2739-001,4832309,4
2740-001,4832309,4
2741-001,4832309,4
2741-002,4832309,4
2742-001,4815048,5
2742-007,4810727,4
2742-008,4797769,5
2742-010,4810727,4
2743-002,4862551,5
2744-001,4832309,4
2744-104,5022472,
2745-001,4793435,3
2746-001,4840948,4
2747-001,4840948,4
2748-001,4840948,4
2748-006,4827986,5
2749-001,4862551,5
2749-005,4840948,4
2751-001,4827973,5
2752-001,4840948,4
2753-001,4840948,4
2754-001,4840948,4
2754-002,4840947,5
2754-006,4840948,4
2755-001,4840948,4
2755-002,4845270,4
2755-102,4840948,4
2756-001,4840948,4
2756-003,4853905,4
2756-004,4832308,2
2757-001,4840948,4
2758-001,4840948,4
2759-001,4875506,5
2759-002,4871191,5
2760-002,4840938,5
2760-003,4879824,5
2760-004,4875506,5
2761-001,4858225,5
2762-001,4875506,5
2763-001,4875508,5
2764-001,4935986,3
2765-001,4832309,4
2766-001,4875506,5
2766-002,4914380,3
2767-001,4875506,5
2768-001,4875506,5
2769-001,4875506,5
2770-001,4862545,5
2770-004,4862545,5
2770-005,4862545,5
2771-001,4862545,5
2771-003,4823674,3
2771-006,4871184,5
2772-001,4845269,5
2773-001,4862545,5
2774-001,4871184,5
2775-001,4871185,5
2775-002,4871185,5
2776-001,4862545,5
2777-001,4862545,5
2777-010,4806397,4
2778-001,4862545,5
2780-001,4862545,5
2780-003,4875504,5
2781-001,4862545,5
2782-001,4862546,4
2783-001,4862545,5
2784-001,4862545,5
2785-001,4845262,3
2786-001,4845262,3
2787-001,4845262,3
2788-001,4832301,5
2788-002,4845262,3
2788-006,4815047,5
2789-001,4845262,3
2789-104,4845262,3
2790-001,4845262,3
2791-001,4845262,3
2791-003,4845262,3
2791-007,4845262,3
2792-001,4845262,3
2792-106,4840937,5
2793-001,4845262,3
2793-002,4840937,5
2793-003,4845262,3
2793-004,4836628,2
2794-001,4845262,3
2795-001,4853930,4
2796-001,4853930,4
2796-003,4853930,4
2796-006,4892806,3
2797-001,4853932,5
2797-002,4853932,5
2797-017,4858251,4
2798-001,4853930,4
2799-001,4853930,4
2800-001,4853930,4
2800-005,4853930,4
2801-001,4983536,5
2802-001,4849611,5
2802-002,4845294,2
2803-001,4853930,4
2804-001,4853930,4
2805-001,4853930,4
2806-001,4853930,4
2806-002,4853930,4
2807-001,4832329,4
2808-001,4832329,4
2808-004,4832329,4
2809-001,4832329,4
2810-001,4836650,4
2811-001,4832329,4
2811-008,4828011,4
2812-001,4840943,4
2813-001,4832329,4
2814-001,4832329,4
2814-009,4832329,4
2815-001,4832329,4
2816-001,4832329,4
2817-001,4832329,4
2818-001,4832329,4
2819-001,4979215,5
2820-001,4853920,4
2821-001,4853919,5
2821-003,4853920,4
2822-001,4853920,4
2822-004,4841000,3
2823-001,4853920,4
2824-001,4853920,4
2825-001,4853920,4
2826-001,4853920,4
2827-001,4853920,4
2827-002,4858241,5
2828-001,4853920,4
2829-001,4853920,4
2830-001,4849600,5
2831-001,4797755,4
2832-001,4853920,4
2833-001,4849601,5
2833-102,4853923,2
2834-001,4849601,5
2834-002,4853921,5
2835-001,4849601,5
2836-001,4849601,5
2837-001,4849601,5
2837-004,4849601,5
2838-001,4849601,5
2839-001,4849601,5
2839-003,4836644,5
2840-001,4849601,5
2840-004,4849601,5
2841-001,4849601,5
2842-001,4845262,3
2842-002,4823674,3
2843-001,4849601,5
2844-001,4853925,5
2845-001,4853925,5
2846-001,4853925,5
2846-002,4771846,4
2846-004,4853905,4
2846-008,4853925,5
2846-009,4858241,5
2846-010,4853925,5
2846-012,4849611,5
2847-001,4849602,4
2848-001,4853925,5
2848-105,4853925,5
2849-001,4853925,5
2850-001,4789115,9
2850-004,4763194,9
2851-001,4987910,4
2852-001,4853922,2
2852-003,4853925,5
2853-001,4737261,6
2855-001,4853925,5
2855-002,4862561,5
2856-001,4853925,5
2856-002,4879842,3
2857-001,4858247,2
2858-001,4858247,2
2859-001,4858247,2
2860-001,4858247,2
2860-003,4858246,3
2861-001,4858247,2
2862-001,4858247,2
2863-001,4858247,2
2864-001,4858247,2
2864-003,4858247,2
2865-001,4858247,2
2866-001,4866884,2
2867-001,4866884,2
2867-002,4866884,2
2867-004,4866884,2
2868-001,4866884,2
2869-001,4866884,2
2870-001,4866884,2
2870-003,4866884,2
2871-001,4866884,2
2871-006,4866884,2
2872-001,4853920,4
2873-001,4866884,2
2873-006,4879847,2
2873-007,4966249,3
2874-001,4866884,2
2875-001,4866884,2
2876-001,4866884,2
2877-001,4866884,2
2877-002,4866884,2
2877-008,4866884,2
2878-001,4866884,2
2879-001,4741573,5
2879-003,4741573,5
2879-006,4741573,5
2880-001,4741573,5
2881-001,4741573,5
2882-001,4741573,5
2883-001,4741573,5
2884-001,4741573,5
2884-006,5126081,4
2885-001,4741573,5
2885-002,4741573,5
2885-005,4741573,5
2886-001,4741573,5
2887-001,4741573,5
2889-001,4758851,5
2889-003,4758851,5
2890-001,4758851,5
2891-001,4758851,5
2892-001,4758851,5
2893-001,4737251,5
2894-001,4758851,5
2895-001,4758851,5
2895-003,4758851,5
2895-004,4758851,5
2895-005,4758851,5
2896-001,4758851,5
2897-001,4758851,5
2898-001,4719968,5
2899-001,4719968,5
2900-001,4719968,5
2901-001,4719968,5
2902-001,4719968,5
2903-001,4719968,5
2904-001,4719968,5
2905-001,4719968,5
2906-001,4719968,5
2907-001,4728617,6
2908-001,4719977,6
2909-001,4728617,6
2910-001,4741570,4
2911-002,4728617,6
2912-001,4728617,6
2913-001,4728617,6
2914-001,4728617,6
2914-003,4728617,6
2914-004,4719976,5
2914-005,4802045,5
2914-011,4732938,6
2915-001,4728617,6
2916-001,4728617,6
2917-001,4728620,5
2918-001,4728620,5
2919-001,4728620,5
2920-001,4728620,5
2920-003,4728620,5
2921-001,4728620,5
2922-001,4728620,5
2922-008,4745925,5
2923-001,4728620,5
2925-001,4728620,5
2926-001,4728620,5
2926-005,4728620,5
2927-001,4728617,6
2927-002,4728620,5
2928-001,4737259,5
2928-003,4737259,5
2929-001,4737258,6
2929-002,4737258,6
2930-001,4737259,5
2930-003,4737259,5
2931-001,4737259,5
2932-001,4737259,5
2933-001,4732941,5
2934-001,4737259,5
2935-001,4737259,5
2936-001,4737259,5
2937-001,4750221,9
2937-004,4754540,6
2938-001,4750221,9
2938-004,4750222,9
2939-001,4750221,9
2940-001,4750221,9
2940-003,4732941,5
2940-005,4732941,5
2941-001,4750221,9
2942-001,4750221,9
2942-003,5147673,6
2942-004,4750220,5
2942-005,4741580,5
2943-001,5022470,5
2944-001,4750221,9
2945-001,4750221,9
2946-001,4750221,9
2947-001,4750221,9
2948-001,4750221,9
2949-001,4771817,5
2950-001,4771817,5
2951-001,4771817,5
2952-001,4771817,5
2953-001,4771817,5
2953-002,4771818,5
2954-001,4771817,5
2955-001,4771817,5
2956-001,4771817,5
2957-001,4771817,5
2958-001,4819344,3
2959-001,4750219,4
2960-001,4750219,4
2961-001,4750219,4
2961-007,5022471,4
2963-001,4750219,4
2964-001,4750219,4
2965-001,4750219,4
2965-002,4797727,5
2966-001,4750219,4
2967-001,4750219,4
2968-001,4750219,4
2969-001,4750219,4
2970-001,4750219,4
2971-001,4827982,5
2972-001,4823661,5
2973-001,4823663,5
2974-001,4827982,5
2975-001,4827982,5
2976-001,4815016,5
2976-007,4815016,5
2977-001,4832303,5
2978-001,4827982,5
2979-001,4827982,5
2980-001,4827982,5
2980-003,4827982,5
2981-001,4827982,5
2982-001,4823662,4
2982-003,4827982,5
2983-001,4827982,5
2983-013,4827982,5
2983-016,4827983,5
2984-001,4827982,5
2984-002,4823662,4
2984-003,4827982,5
2985-001,4832303,5
2985-002,4797740,3
2985-009,4832303,5
2986-001,4815009,5
2986-003,4815009,5
2987-001,4815009,5
2988-001,4815009,5
2989-001,4815009,5
2990-001,4815009,5
2991-001,4815009,5
2992-001,4815009,5
2994-001,4810685,5
2995-001,4810685,5
2995-003,4810685,5
2996-001,4815007,5
2997-001,4810685,5
2998-001,4810685,5
2998-002,4810685,5
2999-001,4810685,5
3000-001,4810685,5
3001-001,4810685,5
3002-001,4810685,5
3003-001,4810685,5
3003-003,4810685,5
3004-002,4810685,5
3005-001,4810685,5
3006-001,4793407,5
3006-003,4793407,5
3007-004,4793407,5
3008-001,4793407,5
3009-001,4793407,5
3009-004,4793406,5
3010-001,4793407,5
3010-003,4802047,5
3010-006,4793407,5
3011-001,4793407,5
3012-001,4793407,5
3013-001,4793407,5
3014-001,4793407,5
3014-004,4797729,4
3015-001,4793407,5
3015-006,4797729,4
3016-001,4737261,6
3016-006,4737261,6
3018-001,4737261,6
3019-001,4737261,6
3020-001,4737261,6
3021-001,4737261,6
3022-001,4737261,6
3023-001,4737261,6
3024-001,4737261,6
3025-001,4737261,6
3025-002,4732973,4
3026-001,4737261,6
3026-002,4737261,6
3027-001,4737261,6
3028-001,4737261,6
3028-002,4737261,6
3029-001,4737261,6
3029-002,4737261,6
3029-005,5013830,
3030-001,4797755,4
3031-001,4737261,6
3031-003,4737261,6
3031-009,4737261,6
3032-001,4737261,6
3033-001,4737261,6
3034-001,4797754,9
3035-001,4737261,6
3035-002,4728616,6
3035-008,4737261,6
3036-001,4737261,6
3037-001,4737261,6
3038-001,4737261,6
3039-001,4737261,6
3040-002,4771834,9
3041-001,4771834,9
3041-006,4823663,5
3042-001,4771834,9
3043-001,4771834,9
3043-004,4767515,6
3044-001,4771834,9
3044-003,4776154,9
3047-001,4771834,9
3048-001,4771834,9
3049-001,4797754,9
3050-001,4771834,9
3051-001,4797756,4
3051-002,4797756,4
3051-003,4797756,4
3051-004,4797756,4
3052-001,4797756,4
3053-001,4797756,4
3054-001,4797756,4
3055-001,4763208,5
3055-101,4797756,4
3056-001,4797756,4
3057-001,4797756,4
3058-001,4797756,4
3058-104,4797756,4
3059-001,4797756,4
3060-001,4797756,4
3060-007,4797756,4
3060-009,4797756,4
3060-011,4750219,4
3061-001,4802079,4
3061-003,5095863,1
3061-004,5065628,4
3062-001,4802079,4
3062-004,4802079,4
3063-001,4802079,4
3063-002,4802079,4
3064-001,4802079,4
3065-001,4797756,4
3065-002,4793423,9
3066-001,4802079,4
3066-009,4802079,4
3066-103,4767525,2
3067-001,4797756,4
3068-001,4797757,4
3069-001,4802079,4
3069-004,4802079,4
3069-008,4888478,4
3070-001,4802079,4
3071-001,4802079,4
3071-002,4802079,4
3072-001,4802079,4
3073-001,4819342,3
3073-005,4802079,4
3074-001,4802079,4
3074-003,4802079,4
3075-002,4806403,5
3076-001,4806403,5
3076-002,4806403,5
3077-001,4806403,5
3077-108,4806403,5
3078-001,4806403,5
3079-001,4806403,5
3080-001,4806403,5
3080-002,4806403,5
3081-001,4806403,5
3082-001,4806403,5
3083-001,4806403,5
3084-001,4806403,5
3084-003,4815026,4
3084-005,4802081,3
3085-001,4806405,5
3086-001,4806405,5
3086-002,4806405,5
3087-001,4806405,5
3088-001,4806405,5
3089-001,4806405,5
3089-003,4806405,5
3089-004,4806405,5
3089-005,4802082,5
3090-001,4806405,5
3090-004,4836622,5
3091-001,4806405,5
3091-010,4810692,5
3091-011,4806405,5
3092-001,4806405,5
3093-001,4797761,6
3093-003,4797761,6
3093-007,5022471,4
3094-001,4797761,6
3094-002,4745902,9
3095-001,4797761,6
3096-001,4797761,6
3096-002,4797744,5
3097-001,4797761,6
3098-001,4819360,5
3099-001,4797761,6
3099-002,4815026,4
3099-003,4815026,4
3100-001,4797761,6
3101-001,4797761,6
3101-004,4750247,5
3102-001,4776156,6
3103-001,4797756,4
3103-003,4823676,4
3103-004,4836635,5
3104-001,4797755,4
3105-001,4797755,4
3107-001,4797755,4
3107-003,4784807,5
3107-004,4780486,6
3108-001,4797755,4
3108-003,4802074,9
3109-001,4797755,4
3110-001,4797755,4
3111-001,5018151,
3112-001,5022470,5
3112-008,4797755,4
3112-107,4797755,4
3113-001,5022470,5
3114-001,5022470,5
3114-003,4832309,4
3114-004,4832309,4
3114-007,4827986,5
3114-008,4797755,4
3115-001,4802075,4
3115-007,4789104,9
3116-001,4789105,9
3116-007,4793425,5
3116-017,4789105,9
3116-018,4793425,5
3116-019,4789104,9
3117-001,5022470,5
3118-001,5022470,5
3119-001,4793431,9
3120-001,4784784,5
3120-003,4793425,5
3121-001,5022470,5
3122-106,5026790,4
3123-001,5022470,5
3124-001,5022470,5
3125-003,4797755,4
3126-001,5022470,5
3127-001,4836635,5
3127-004,5005092,5
3127-005,4836635,5
3127-016,4845263,4
3127-020,4836635,5
3128-001,4836635,5
3129-001,4836635,5
3129-003,4836635,5
3129-106,4832318,6
3130-001,4836635,5
3131-001,4905740,4
3132-001,4836635,5
3133-001,4836635,5
3134-002,4836635,5
3134-004,4836635,5
3134-010,4935979,4
3135-001,4940302,5
3135-003,4935981,5
3136-001,4836635,5
3137-001,4836635,5
3137-006,4836635,5
3138-001,4836635,5
3138-005,4845274,5
3138-012,4849592,5
3139-001,4836635,5
3140-001,4836635,5
3141-001,4836635,5
3142-001,4836635,5
3142-005,4836635,5
3143-001,4836635,5
3143-002,4853921,5
3144-002,4789106,3
3144-104,4806389,5
3145-001,4789106,3
3146-001,4789106,3
3146-002,4789106,3
3147-001,4789106,3
3148-001,4789106,3
3148-003,4789106,3
3149-001,4789106,3
3150-001,4789106,3
3151-001,4789106,3
3152-001,4789106,3
3152-005,4793431,9
3153-001,4789106,3
3154-001,4789106,3
3154-003,4789106,3
3154-004,4793427,3
3154-009,4789106,3
3155-002,4789106,3
3155-003,4789104,9
3155-004,4789106,3
3156-001,4789106,3
3156-006,4789106,3
3157-001,4793428,5
3157-003,4802063,5
3158-002,4797744,5
3159-001,4802063,5
3159-009,4789100,3
3160-001,4797747,4
3161-001,4802063,5
3161-004,4802063,5
3162-001,4802063,5
3163-001,4802063,5
3163-003,4802063,5
3163-103,4802074,9
3164-001,4802063,5
3164-006,5026790,4
3164-107,4797744,5
3165-001,4802063,5
3166-001,4802063,5
3166-006,4815026,4
3166-007,4802063,5
3168-001,4815026,4
3168-003,4815026,4
3169-001,4815026,4
3170-001,4815026,4
3171-002,4815026,4
3172-001,4840936,4
3172-002,4815026,4
3172-009,4815026,4
3173-001,4815026,4
3173-003,4797754,9
3173-005,5018149,3
3173-008,4815026,4
3174-001,4815026,4
3174-003,4815026,4
3175-001,4827984,5
3175-002,4827984,5
3176-001,4832303,5
3176-006,4827981,5
3177-001,4832303,5
3177-014,4815049,4
3177-114,4823662,4
3178-001,4823660,5
3178-105,4789100,3
3179-001,4815027,4
3180-002,4823660,5
3180-005,4832303,5
3180-006,4823662,4
3182-001,4832303,5
3182-003,4832303,5
3183-001,4832303,5
3184-001,4832303,5
3184-003,4802060,3
3185-002,4832303,5
3186-001,4832303,5
3186-004,4832303,5
3186-014,4832303,5
3187-001,4832303,5
3187-004,4832303,5
3187-009,4819345,4
3188-001,4823663,5
3188-102,4754560,9
3188-104,4745926,9
3189-001,4815040,5
3189-003,4927348,4
3189-005,4810716,4
3190-001,4810715,5
3190-102,4827999,5
3190-104,4940301,4
3191-001,4810715,5
3191-002,4810715,5
3191-003,4810715,5
3192-001,4810715,5
3192-003,4810715,5
3193-001,4810715,5
3194-001,4810715,5
3194-004,4810716,4
3195-001,4810715,5
3195-003,4763194,9
3196-001,4810715,5
3196-003,5022471,4
3196-004,4767515,6
3197-001,4810715,5
3197-003,4810715,5
3197-004,4862556,5
3197-005,4810715,5
3198-001,4810715,5
3199-001,4810715,5
3199-002,4810715,5
3200-001,4810715,5
3200-003,4810715,5
3200-009,4810715,5
3200-024,4810716,4
3201-001,4810715,5
3201-003,4810715,5
3202-001,4793434,9
3203-001,4793434,9
3204-001,4793434,9
3205-001,4793434,9
3206-001,4793434,9
3206-012,4793434,9
3206-111,4815029,5
3207-001,4793434,9
3208-001,4793434,9
3208-003,4797756,4
3208-004,4793434,9
3208-008,4797756,4
3208-009,4793434,9
3209-001,4793434,9
3210-001,4789104,9
3211-001,4789115,9
3211-002,4789115,9
3211-003,4789115,9
3211-013,4797752,5
3212-001,4789115,9
3213-001,4797755,4
3213-002,5022471,4
3213-003,4797756,4
3214-001,4789115,9
3215-001,4789115,9
3216-001,4802075,4
3216-003,4789115,9
3216-009,4802074,9
3217-001,4789115,9
3217-007,4789115,9
3218-001,4789115,9
3219-001,4789115,9
3219-003,4789115,9
3220-001,4789115,9
3221-001,4789115,9
3221-002,4789115,9
3222-001,4737291,4
3222-006,4741613,5
3223-001,4737291,4
3224-001,4737291,4
3224-002,4737291,4
3225-001,4737291,4
3226-002,4737291,4
3226-009,4737291,4
3227-001,4737291,4
3228-001,4737291,4
3228-002,4737291,4
3228-006,4737291,4
3229-001,4737291,4
3230-001,4737291,4
3230-002,4737291,4
3231-001,4754571,5
3232-001,4754571,5
3233-001,4754571,5
3234-001,4754571,5
3235-001,4754571,5
3236-002,4754571,5
3237-001,4754571,5
3238-001,4754571,5
3239-001,4754571,5
3240-001,4750248,4
3241-001,4750248,4
3241-003,4750248,4
3241-006,4754570,5
3242-001,4750248,4
3243-001,4750248,4
3244-001,4750248,4
3246-001,4750248,4
3247-001,4750248,4
3248-001,4750248,4
3249-001,4750248,4
3249-003,5022470,5
3250-001,4763201,5
3251-001,4763201,5
3252-001,4763201,5
3253-001,4763201,5
3254-001,4763201,5
3255-001,4763201,5
3255-003,4745899,6
3256-001,4763201,5
3257-001,4763201,5
3258-001,4763201,5
3259-002,4763201,5
3259-005,4763201,5
3260-001,4763201,5
3260-003,4853905,4
3261-001,4763201,5
3261-002,4763201,5
3262-001,4771846,4
3262-002,4771846,4
3263-001,4771846,4
3264-001,4771846,4
3265-001,4771846,4
3266-001,4771848,4
3266-002,4771846,4
3267-001,4771846,4
3268-001,4771846,4
3269-001,4771853,4
3270-001,4771846,4
3271-001,4767526,4
3271-008,4767526,4
3272-001,4767526,4
3273-002,4754571,5
3273-003,5022471,4
3273-004,5022471,4
3274-001,4767526,4
3275-001,4767526,4
3275-003,4767526,4
3277-001,4767526,4
3277-004,4767526,4
3277-005,4763207,4
3277-102,4802075,4
3278-001,4767526,4
3279-001,4767526,4
3280-001,4767526,4
3281-001,4745925,5
3281-003,4862551,5
3282-001,4745925,5
3283-001,4845273,6
3283-003,4862551,5
3283-008,4845273,6
3283-011,5013830,
3284-001,4745925,5
3285-001,4745925,5
3286-001,4745925,5
3286-005,5113152,4
3287-001,4745925,5
3288-001,4884188,2
3289-001,4884188,2
3290-001,4884188,2
3291-001,4884188,2
3292-001,4884188,2
3293-001,4884188,2
3294-001,4884188,2
3295-001,4884188,2
3296-001,4910106,3
3296-003,4884188,2
3297-001,4884183,3
3298-001,4884183,3
3299-001,4884183,3
3300-001,4884183,3
3301-001,4884183,3
3302-001,4884183,3
3303-001,4884183,3
3304-001,4884183,3
3305-001,4884183,3
3306-001,4884183,3
3307-001,4897143,9
3308-001,4897143,9
3308-003,4897143,9
3309-001,4897143,9
3310-001,4897143,9
3311-001,4897143,9
3311-003,4897143,9
3311-101,4897143,9
3312-001,4897143,9
3313-001,4897143,9
3313-103,4914418,5
3314-001,4897143,9
3314-003,4897144,4
3315-001,4875542,2
3315-003,4849643,5
3315-012,4892821,3
3316-001,4957635,4
3316-003,4875542,2
3318-001,4871222,4
3319-001,4875542,2
3319-006,4875542,2
3320-001,4875542,2
3321-001,4875542,2
3322-001,4875542,2
3323-001,4875542,2
3324-001,4875542,2
3324-002,4957652,3
3325-001,4832367,5
3325-003,4892843,5
3326-001,4892843,5
3326-003,4892843,5
3327-001,4879881,5
3328-001,4892843,5
3329-001,4892843,5
3330-001,4892843,5
3331-001,4892843,5
3332-001,4892843,5
3333-001,4944697,4
3333-008,4858279,4
3334-001,4849643,5
3334-002,5022470,5
3335-001,4849643,5
3336-001,4853964,5
3336-006,4901486,5
3337-001,4849643,5
3338-001,4849643,5
3339-001,4849643,5
3340-001,4849643,5
3340-106,4853962,5
3343-001,4849643,5
3344-001,4849644,5
3345-001,4849644,5
3346-001,4849644,5
3347-001,4849644,5
3348-001,4849644,5
3349-001,4849644,5
3350-001,4849644,5
3351-001,4849643,5
3352-001,4840999,3
3353-001,4849643,5
3353-002,4845324,4
3354-002,4849643,5
3355-001,4849643,5
3356-001,4849643,5
3357-001,4849643,5
3357-002,4849643,5
3358-001,4849643,5
3358-002,4841001,2
3359-001,5018132,4
3360-001,5022469,3
3361-001,4849643,5
3362-001,4841000,3
3363-001,4879877,5
3364-001,4849643,5
3365-001,4849643,5
3365-004,4841000,3
3366-001,4849643,5
3367-001,4849643,5
3367-002,4849643,5
3368-001,4849643,5
3369-001,4849643,5
3370-002,4849643,5
3371-001,4849643,5
3372-001,4953315,4
3372-007,4953315,4
3373-001,4953315,4
3373-008,4953315,4
3374-001,4953315,4
3375-001,4953315,4
3376-001,4953315,4
3376-009,4953330,4
3377-001,4953315,4
3378-001,4953315,4
3379-001,4953315,4
3380-001,4970631,4
3381-001,4970631,4
3382-001,4970631,4
3383-001,4970631,4
3384-001,4970631,4
3385-001,4970631,4
3386-001,4970631,4
3386-003,4974951,5
3387-001,4970631,4
3387-002,4970631,4
3388-001,4970630,
3389-001,4970630,
3390-001,4970630,
3390-003,4970630,
3391-001,4970630,
3392-001,4970630,
3393-001,4970630,
3394-001,4970630,
3395-001,4970630,
3396-001,4970631,4
3397-001,4970631,4
3397-004,4970631,4
3398-001,4970631,4
3399-001,4970631,4
3400-001,4970631,4
3400-002,4970631,4
3400-004,4970631,4
3400-005,4974951,5
3400-008,4983590,4
3401-001,4970631,4
3401-003,4970631,4
3401-006,4970631,4
3402-001,4970631,4
3403-001,4966311,3
3404-001,4966311,3
3405-001,4966311,3
3405-003,4966311,3
3406-001,4966311,3
3407-001,4966311,3
3408-001,4966311,3
3409-001,4966311,3
3410-001,4966311,3
3411-001,4974950,4
3412-001,4974950,4
3413-001,4974950,4
3415-001,4974950,4
3416-001,4974950,4
3417-001,4974950,4
3418-001,4974950,4
3419-001,4974950,4
3421-001,4974950,4
3422-001,4974950,4
3423-001,4974950,4
3423-003,4979270,4
3424-002,4974950,4
3424-010,4974950,4
3425-001,4974950,4
3426-001,4974950,4
3427-001,4974950,4
3428-001,4974950,4
3428-004,4974950,4
3429-001,4974951,5
3430-001,4974951,5
3431-001,4974951,5
3432-001,4974951,5
3434-001,4974951,5
3435-001,4974951,5
3436-001,4974951,5
3437-001,4979270,4
3437-003,4974951,5
3438-001,4970631,4
3438-004,4970631,4
3439-001,4970631,4
3440-001,4987910,4
3441-001,4970631,4
3442-001,4970631,4
3443-001,4970631,4
3444-001,4970631,4
3445-001,4970631,4
3446-001,4974951,5
3447-001,4974951,5
3448-001,4974951,5
3449-001,4974951,5
3450-001,4974951,5
3451-001,4974951,5
3452-001,4974951,5
3453-001,4974951,5
3453-003,4974951,5
3454-001,4983591,4
3455-001,4983591,4
3456-001,4983591,4
3457-001,4983591,4
3458-001,4983591,4
3459-001,4983590,4
3460-001,4983591,4
3461-001,4983591,4
3462-001,4892800,3
3463-001,4983591,4
3464-001,4987913,
3465-001,4987913,
3466-001,4987913,
3467-001,4987913,
3468-001,4987913,
3469-001,4987913,
3470-001,4987913,
3471-001,4987913,
3472-001,4987913,
3472-003,5026790,4
3473-001,4987910,4
3474-001,4996554,2
3475-001,4996554,2
3476-001,4996554,2
3477-001,4996554,2
3477-003,4996554,2
3478-001,4996554,2
3480-001,4996554,2
3481-001,4996554,2
3482-001,4996554,2
3483-001,4996554,2
3484-001,5000873,2
3485-001,5000873,2
3486-001,5000873,2
3487-001,5000873,2
3488-001,5000873,2
3488-004,5000873,2
3489-001,5000873,2
3490-001,5000873,2
3490-004,5000873,2
3491-001,5000873,2
3492-001,5000873,2
3493-001,5000873,2
3494-001,5000873,2
3496-001,4983590,4
3497-001,4983590,4
3498-001,4983590,4
3499-001,4983590,4
3500-001,4983590,4
3500-003,4983590,4
3501-001,4983590,4
3502-001,4983590,4
3503-001,4983590,4
3504-001,4979271,5
3505-001,4979271,5
3506-001,4979271,5
3506-002,4979271,5
3507-001,4979271,5
3508-001,4979271,5
3509-001,4979271,5
3510-001,4979271,5
3511-001,4979271,5
3511-004,4979271,5
3512-001,5022472,
3513-001,4987911,4
3514-001,4987911,4
3515-001,4987911,4
3516-001,4987911,4
3517-001,4987911,4
3518-001,4987911,4
3519-001,4987911,4
3520-001,4979271,5
3521-001,4979271,5
3522-001,4979271,5
3523-001,4979271,5
3524-001,4979271,5
3525-001,4979271,5
3526-001,4979271,5
3527-001,4983590,4
3528-001,4974950,4
3529-001,4979271,5
3530-001,4979270,4
3531-001,4979271,5
3532-001,4979271,5
3533-001,4987910,4
3534-001,4987910,4
3535-001,4987910,4
3536-001,4987910,4
3537-001,4987910,4
3537-002,5018149,3
3537-007,4987910,4
3538-001,4987910,4
3539-001,4987910,4
3540-001,4987910,4
3541-001,4987910,4
3543-001,4987910,4
3545-001,4987910,4
3546-001,4987910,4
3547-001,4987910,4
3548-001,4987910,4
3549-001,4992231,
3550-001,4987910,4
3552-001,4987910,4
3553-001,4987910,4
3553-003,4983591,4
3554-001,4987910,4
3554-002,4987910,4
3555-001,4987910,4
3556-001,4987910,4
3557-001,4992231,
3557-005,4987910,4
3558-001,4992231,
3559-001,4992231,
3560-001,4992231,
3561-001,4992231,
3562-001,4992231,
3563-001,4992231,
3565-001,4992231,
3566-001,4992231,
3567-001,4987910,4
3568-001,4987910,4
3569-001,4987910,4
3570-001,4987910,4
3572-001,4987910,4
3573-001,4987910,4
3575-001,4987910,4
3576-001,4987910,4
3577-001,4987910,4
3578-001,4987910,4
3579-001,4987910,4
3579-004,4987910,4
3580-001,4987910,4
3581-001,4987910,4
3582-001,4987910,4
3583-001,4987911,4
3584-001,4987910,4
3585-001,4987910,4
3586-001,4987910,4
3586-010,4927437,5
3587-001,4987910,4
3588-001,4987910,4
3589-001,4987910,4
3589-003,4987910,4
3590-001,4987910,4
3591-001,4923116,5
3592-001,4987910,4
3593-001,4987910,4
3594-001,4987910,4
3595-001,4983590,4
3597-001,4983590,4
3599-001,4983590,4
3600-001,4983590,4
3602-001,4983590,4
3603-001,4983590,4
3603-002,4987910,4
3604-001,4983590,4
3605-001,4983590,4
3606-001,4983590,4
3607-001,4983590,4
3608-001,4983590,4
3608-004,4979271,5
3609-001,4987910,4
3610-001,4931749,
3611-001,4987910,4
3611-005,4983590,4
3613-001,4987910,4
3613-006,5022470,5
3614-001,5022471,4
3615-001,4987910,4
3615-002,4987910,4
3616-001,4987910,4
3616-002,4987910,4
3616-003,4987910,4
3617-001,5069948,3
3618-001,4987910,4
3619-001,4987910,4
3619-002,5022471,4
3620-001,4987910,4
3624-001,4983590,4
3625-001,4983590,4
3626-001,4983590,4
3628-001,4983590,4
3629-001,4983590,4
3631-001,4983590,4
3632-001,4983590,4
3633-001,4983590,4
3635-001,4983590,4
3636-001,4983590,4
3636-002,4983590,4
3637-001,4983590,4
3638-001,4983590,4
3639-001,4983590,4
3640-001,4970632,
3641-001,4983590,4
3642-001,4983590,4
3643-001,4983590,4
3644-001,4983590,4
3645-001,4983590,4
3646-001,4983590,4
3647-001,4983590,4
3648-001,4983590,4
3648-008,4979270,4
3650-001,4983590,4
3650-002,4983590,4
3653-001,4983590,4
3654-001,5022471,4
3655-001,4983590,4
3656-001,4983590,4
3657-001,4983590,4
3658-001,4979270,4
3659-001,4983590,4
3659-002,4983590,4
3660-001,4983590,4
3661-001,4983590,4
3661-003,4987910,4
3662-001,4983590,4
3663-001,4983590,4
3664-001,4983590,4
3665-001,4983590,4
3666-001,4983590,4
3667-003,4983590,4
3668-001,4983590,4
3669-001,4983590,4
3669-006,4983590,4
3670-001,4983590,4
3671-003,4983590,4
3672-001,4983590,4
3672-002,4983590,4
3673-001,4983590,4
3674-001,4983590,4
3674-003,4944715,
3675-001,4983590,4
3676-001,4983590,4
3677-001,4983590,4
3678-001,4983590,4
3679-002,4983590,4
3680-001,4983590,4
3681-001,4983590,4
3682-001,4979270,4
3683-001,4983590,4
3683-101,5013830,
3683-102,4931749,
3684-001,4983590,4
3684-005,4987910,4
3684-008,4987911,4
3685-001,4983590,4
3685-010,4983590,4
3686-001,4983590,4
3687-001,4983590,4
3688-001,4983590,4
3689-001,4983590,4
3690-002,4983590,4
3690-004,4966306,
3691-001,4983590,4
3692-001,4983590,4
3693-001,4983590,4
3693-006,5018151,
3694-001,4987910,4
3695-001,4987910,4
3696-001,4987910,4
3697-001,4987910,4
3698-001,4987910,4
3699-001,4987910,4
3699-003,4987910,4
3699-004,4987910,4
3699-008,4987910,4
3700-001,4987910,4
3701-001,4944716,6
3702-001,4987910,4
3702-008,4983590,4
3703-001,4987910,4
3704-001,4987910,4
3705-001,4987910,4
3706-001,4987910,4
3707-001,4987910,4
3708-001,4987910,4
3709-001,4987910,4
3710-001,4987910,4
3711-001,4987910,4
3712-001,4983590,4
3713-001,4983590,4
3714-001,4983592,4
3714-002,4983590,4
3714-006,4983590,4
3716-001,4983590,4
3716-002,4983590,4
3718-001,4983590,4
3719-001,4983590,4
3720-001,4987910,4
3722-001,4987910,4
3723-001,4987910,4
3723-004,4987910,4
3724-001,4983590,4
3725-001,4987910,4
3726-001,4987910,4
3727-001,4987910,4
3728-001,4987910,4
3728-005,4996554,2
3729-001,4987910,4
3730-001,4987910,4
3731-001,4987910,4
3732-001,4927436,4
3732-004,4927436,4
3732-006,4927436,4
3733-001,4927436,4
3734-001,4927436,4
3735-001,4927436,4
3735-004,4927436,4
3736-001,4927436,4
3737-001,4927436,4
3738-001,4927436,4
3739-001,4927436,4
3740-001,4931755,
3741-001,4949036,5
3742-001,4931755,
3743-001,4931755,
3744-001,4931755,
3745-001,4931755,
3746-001,4931755,
3747-001,4931755,
3748-001,4931755,
3749-001,4931755,
3750-001,4936077,4
3751-001,4936077,4
3752-001,4936077,4
3753-001,4936077,4
3754-001,4936077,4
3755-001,4936077,4
3756-001,4936077,4
3757-001,4936077,4
3758-001,4931757,5
3759-001,4931757,5
3760-001,4931757,5
3760-002,4931757,5
3761-001,4931757,5
3762-001,4931757,5
3763-001,5018149,3
3764-001,4931757,5
3765-001,4931757,5
3765-003,4931757,5
3765-005,4987910,4
3766-001,4931757,5
3767-001,4927436,4
3768-001,4927436,4
3768-011,4936077,4
3769-001,4927436,4
3770-001,4927436,4
3771-001,4927436,4
3772-001,4983590,4
3773-001,4927436,4
3774-001,4927436,4
3774-004,5091588,4
3775-001,4927436,4
3776-001,4927436,4
3777-001,4927436,4
3778-001,4927436,4
3779-001,4927436,4
3780-001,4927436,4
3781-001,4927436,4
3782-001,5022471,4
3783-001,4927436,4
3784-001,4927436,4
3785-001,4927436,4
3785-003,4936077,4
3785-005,4927436,4
3786-001,4923117,
3787-001,4923117,
3788-001,4923117,
3790-001,4923117,
3791-001,4923117,
3792-001,4923117,
3793-001,4923117,
3794-001,4923117,
3795-001,4923117,
3796-001,4923116,5
3796-003,4931755,
3797-001,4923116,5
3798-001,4923116,5
3798-004,4974951,5
3799-001,4923116,5
3800-001,4923116,5
3801-001,4923116,5
3802-001,4923116,5
3803-001,4923116,5
3804-001,4923116,5
3805-001,4927437,5
3806-001,4927437,5
3807-001,4927437,5
3808-001,4927437,5
3809-001,4927437,5
3810-001,4927437,5
3811-001,4927437,5
3812-001,4927437,5
3812-003,4927437,5
3813-001,4927437,5
3814-001,4923117,
3815-001,4923117,
3816-001,4923117,
3817-001,4923117,
3818-001,4923117,
3818-003,4923117,
3819-001,4923117,
3820-001,4923117,
3821-001,4923117,
3822-001,4923117,
3823-001,4923117,
3824-001,4936077,4
3825-001,4936077,4
3825-003,5018151,
3826-001,4936077,4
3826-007,4979271,5
3827-001,4944716,6
3828-001,4936077,4
3829-001,4936077,4
3830-001,4936077,4
3831-001,4936077,4
3832-001,4936077,4
3832-002,4936077,4
3833-001,4936077,4
3834-001,4987910,4
3835-001,4936077,4
3836-001,4936077,4
3836-002,4936077,4
3836-003,5018151,
3837-001,4936077,4
3838-001,4949036,5
3839-001,4936077,4
3840-001,4936077,4
3840-003,4931757,5
3841-001,4936077,4
3842-001,4936077,4
3843-001,4936077,4
3844-001,4936077,4
3845-001,4936077,4
3846-001,4936077,4
3847-001,4936077,4
3847-003,4983590,4
3848-001,4936077,4
3849-001,4936077,4
3850-001,4936077,4
3851-001,4936077,4
3852-001,4936077,4
3853-001,4931756,5
3854-001,4923118,
3855-001,4936077,4
3856-001,4936077,4
3857-001,4936077,4
3858-001,4936077,4
3859-001,4936077,4
3860-001,4936077,4
3861-001,4936077,4
3862-001,4936077,4
3863-001,4936077,4
3863-003,4936077,4
3864-001,4936077,4
3864-003,4983590,4
3865-001,4936077,4
3866-001,4936077,4
3867-001,4936077,4
3868-001,4936077,4
3869-001,4936077,4
3869-007,4936077,4
3870-001,4936077,4
3871-001,4936077,4
3872-001,4940397,4
3873-001,4940397,4
3874-001,4940397,4
3875-001,4940397,4
3877-001,4940397,4
3878-001,4940397,4
3879-001,4940397,4
3880-001,4940397,4
3881-001,4940397,4
3882-001,4940397,4
3882-006,4940397,4
3883-001,4940397,4
3884-001,4940397,4
3885-001,4940397,4
3886-001,4940397,4
3887-001,4940397,4
3888-001,4940397,4
3889-001,4944715,
3890-001,4944715,
3891-001,4944715,
3891-003,4944715,
3892-001,4944715,
3893-001,4944715,
3894-001,4944715,
3895-003,4944715,
3896-001,4944715,
3896-009,4944716,6
3897-001,4944715,
3898-001,4944715,
3899-001,4936077,4
3900-001,4944716,6
3901-001,4944716,6
3902-001,4944716,6
3902-110,4944715,
3903-001,4944716,6
3904-001,4944716,6
3905-001,4944716,6
3906-001,4944716,6
3907-001,4944716,6
3907-002,4927436,4
3908-001,4944716,6
3909-001,4944716,6
3910-001,4944716,6
3911-001,4944716,6
3911-002,4944716,6
3912-001,5022471,4
3913-001,4944716,6
3915-001,4944715,
3916-001,4944715,
3917-001,4944715,
3918-001,4944715,
3919-001,4944715,
3919-005,4974951,5
3920-001,4944715,
3921-001,4931757,5
3922-001,4944715,
3922-108,5013830,
3923-001,4983590,4
3924-001,4944715,
